Any,Codi_Districte,Nom_Districte,Codi_Barri,Nom_Barri,Seccio_Censal,Import_Renda_Bruta_€
2022,1,Ciutat Vella,1,el Raval,1,15762
2022,1,Ciutat Vella,1,el Raval,2,12735
2022,1,Ciutat Vella,1,el Raval,3,11754
2022,1,Ciutat Vella,1,el Raval,4,14967
2022,1,Ciutat Vella,1,el Raval,5,12207
2022,1,Ciutat Vella,1,el Raval,6,13500
2022,1,Ciutat Vella,1,el Raval,7,12349
2022,1,Ciutat Vella,1,el Raval,8,9541
2022,1,Ciutat Vella,1,el Raval,9,12923
2022,1,Ciutat Vella,1,el Raval,10,10751
2022,1,Ciutat Vella,1,el Raval,11,10605
2022,1,Ciutat Vella,1,el Raval,12,13750
2022,1,Ciutat Vella,1,el Raval,13,13729
2022,1,Ciutat Vella,1,el Raval,14,12924
2022,1,Ciutat Vella,1,el Raval,15,13620
2022,1,Ciutat Vella,1,el Raval,16,13039
2022,1,Ciutat Vella,1,el Raval,17,10951
2022,1,Ciutat Vella,1,el Raval,18,12703
2022,1,Ciutat Vella,1,el Raval,19,12843
2022,1,Ciutat Vella,1,el Raval,20,18962
2022,1,Ciutat Vella,1,el Raval,21,19301
2022,1,Ciutat Vella,2,el Barri Gòtic,22,25890
2022,1,Ciutat Vella,2,el Barri Gòtic,23,20271
2022,1,Ciutat Vella,2,el Barri Gòtic,25,19248
2022,1,Ciutat Vella,2,el Barri Gòtic,26,20171
2022,1,Ciutat Vella,2,el Barri Gòtic,27,17177
2022,1,Ciutat Vella,2,el Barri Gòtic,28,19047
2022,1,Ciutat Vella,2,el Barri Gòtic,29,15721
2022,1,Ciutat Vella,2,el Barri Gòtic,30,15487
2022,1,Ciutat Vella,2,el Barri Gòtic,31,15210
2022,1,Ciutat Vella,3,la Barceloneta,32,19393
2022,1,Ciutat Vella,3,la Barceloneta,33,16291
2022,1,Ciutat Vella,3,la Barceloneta,34,16552
2022,1,Ciutat Vella,3,la Barceloneta,35,16793
2022,1,Ciutat Vella,3,la Barceloneta,36,17266
2022,1,Ciutat Vella,3,la Barceloneta,37,18007
2022,1,Ciutat Vella,3,la Barceloneta,38,15309
2022,1,Ciutat Vella,3,la Barceloneta,39,17245
2022,1,Ciutat Vella,3,la Barceloneta,40,18883
2022,1,Ciutat Vella,3,la Barceloneta,41,16298
2022,1,Ciutat Vella,3,la Barceloneta,42,18139
2022,1,Ciutat Vella,4,"Sant Pere, Santa Caterina i la Ribera",43,26174
2022,1,Ciutat Vella,4,"Sant Pere, Santa Caterina i la Ribera",44,20724
2022,1,Ciutat Vella,4,"Sant Pere, Santa Caterina i la Ribera",45,19579
2022,1,Ciutat Vella,4,"Sant Pere, Santa Caterina i la Ribera",46,18081
2022,1,Ciutat Vella,4,"Sant Pere, Santa Caterina i la Ribera",47,19871
2022,1,Ciutat Vella,4,"Sant Pere, Santa Caterina i la Ribera",48,14160
2022,1,Ciutat Vella,4,"Sant Pere, Santa Caterina i la Ribera",49,18511
2022,1,Ciutat Vella,4,"Sant Pere, Santa Caterina i la Ribera",50,17232
2022,1,Ciutat Vella,4,"Sant Pere, Santa Caterina i la Ribera",51,16824
2022,1,Ciutat Vella,4,"Sant Pere, Santa Caterina i la Ribera",52,25732
2022,1,Ciutat Vella,4,"Sant Pere, Santa Caterina i la Ribera",53,16900
2022,1,Ciutat Vella,4,"Sant Pere, Santa Caterina i la Ribera",54,18319
2022,1,Ciutat Vella,4,"Sant Pere, Santa Caterina i la Ribera",55,23618
2022,2,L'Eixample,5,el Fort Pienc,1,23011
2022,2,L'Eixample,5,el Fort Pienc,2,24086
2022,2,L'Eixample,5,el Fort Pienc,3,27498
2022,2,L'Eixample,5,el Fort Pienc,4,21121
2022,2,L'Eixample,5,el Fort Pienc,5,26685
2022,2,L'Eixample,5,el Fort Pienc,6,27757
2022,2,L'Eixample,5,el Fort Pienc,7,30321
2022,2,L'Eixample,5,el Fort Pienc,8,27088
2022,2,L'Eixample,5,el Fort Pienc,9,25822
2022,2,L'Eixample,5,el Fort Pienc,10,24094
2022,2,L'Eixample,5,el Fort Pienc,11,25155
2022,2,L'Eixample,5,el Fort Pienc,12,20518
2022,2,L'Eixample,5,el Fort Pienc,13,21622
2022,2,L'Eixample,5,el Fort Pienc,14,20184
2022,2,L'Eixample,5,el Fort Pienc,15,20350
2022,2,L'Eixample,5,el Fort Pienc,16,27195
2022,2,L'Eixample,5,el Fort Pienc,17,27784
2022,2,L'Eixample,5,el Fort Pienc,18,26862
2022,2,L'Eixample,5,el Fort Pienc,19,24955
2022,2,L'Eixample,5,el Fort Pienc,20,23414
2022,2,L'Eixample,6,la Sagrada Família,21,23623
2022,2,L'Eixample,6,la Sagrada Família,22,25005
2022,2,L'Eixample,6,la Sagrada Família,23,24665
2022,2,L'Eixample,6,la Sagrada Família,24,21972
2022,2,L'Eixample,6,la Sagrada Família,25,22482
2022,2,L'Eixample,6,la Sagrada Família,26,22994
2022,2,L'Eixample,6,la Sagrada Família,27,23572
2022,2,L'Eixample,6,la Sagrada Família,28,23563
2022,2,L'Eixample,6,la Sagrada Família,29,24038
2022,2,L'Eixample,6,la Sagrada Família,30,19288
2022,2,L'Eixample,6,la Sagrada Família,31,25949
2022,2,L'Eixample,6,la Sagrada Família,32,25692
2022,2,L'Eixample,6,la Sagrada Família,33,23762
2022,2,L'Eixample,6,la Sagrada Família,34,21721
2022,2,L'Eixample,6,la Sagrada Família,35,25455
2022,2,L'Eixample,6,la Sagrada Família,36,26492
2022,2,L'Eixample,6,la Sagrada Família,37,28056
2022,2,L'Eixample,6,la Sagrada Família,38,27039
2022,2,L'Eixample,6,la Sagrada Família,39,23791
2022,2,L'Eixample,6,la Sagrada Família,40,20837
2022,2,L'Eixample,6,la Sagrada Família,41,23626
2022,2,L'Eixample,6,la Sagrada Família,42,26790
2022,2,L'Eixample,6,la Sagrada Família,43,25257
2022,2,L'Eixample,6,la Sagrada Família,44,21278
2022,2,L'Eixample,6,la Sagrada Família,45,26138
2022,2,L'Eixample,6,la Sagrada Família,46,21392
2022,2,L'Eixample,6,la Sagrada Família,47,23365
2022,2,L'Eixample,6,la Sagrada Família,48,22908
2022,2,L'Eixample,6,la Sagrada Família,49,22431
2022,2,L'Eixample,6,la Sagrada Família,50,23585
2022,2,L'Eixample,6,la Sagrada Família,51,20965
2022,2,L'Eixample,6,la Sagrada Família,52,24950
2022,2,L'Eixample,6,la Sagrada Família,53,25269
2022,2,L'Eixample,6,la Sagrada Família,54,25043
2022,2,L'Eixample,7,la Dreta de l'Eixample,55,26778
2022,2,L'Eixample,7,la Dreta de l'Eixample,56,27462
2022,2,L'Eixample,7,la Dreta de l'Eixample,57,34688
2022,2,L'Eixample,7,la Dreta de l'Eixample,58,30993
2022,2,L'Eixample,7,la Dreta de l'Eixample,59,32917
2022,2,L'Eixample,7,la Dreta de l'Eixample,60,29036
2022,2,L'Eixample,7,la Dreta de l'Eixample,61,26134
2022,2,L'Eixample,7,la Dreta de l'Eixample,62,31943
2022,2,L'Eixample,7,la Dreta de l'Eixample,63,39390
2022,2,L'Eixample,7,la Dreta de l'Eixample,64,37317
2022,2,L'Eixample,7,la Dreta de l'Eixample,65,27440
2022,2,L'Eixample,7,la Dreta de l'Eixample,66,27631
2022,2,L'Eixample,7,la Dreta de l'Eixample,67,24662
2022,2,L'Eixample,7,la Dreta de l'Eixample,68,25887
2022,2,L'Eixample,7,la Dreta de l'Eixample,69,30454
2022,2,L'Eixample,7,la Dreta de l'Eixample,70,32815
2022,2,L'Eixample,7,la Dreta de l'Eixample,71,34117
2022,2,L'Eixample,7,la Dreta de l'Eixample,72,36808
2022,2,L'Eixample,7,la Dreta de l'Eixample,73,32508
2022,2,L'Eixample,7,la Dreta de l'Eixample,74,37107
2022,2,L'Eixample,7,la Dreta de l'Eixample,75,31976
2022,2,L'Eixample,7,la Dreta de l'Eixample,76,37473
2022,2,L'Eixample,7,la Dreta de l'Eixample,77,30321
2022,2,L'Eixample,7,la Dreta de l'Eixample,78,34806
2022,2,L'Eixample,7,la Dreta de l'Eixample,79,41088
2022,2,L'Eixample,7,la Dreta de l'Eixample,80,39119
2022,2,L'Eixample,7,la Dreta de l'Eixample,81,37050
2022,2,L'Eixample,7,la Dreta de l'Eixample,82,39934
2022,2,L'Eixample,7,la Dreta de l'Eixample,83,41712
2022,2,L'Eixample,8,l'Antiga Esquerra de l'Eixample,84,31801
2022,2,L'Eixample,8,l'Antiga Esquerra de l'Eixample,85,32493
2022,2,L'Eixample,8,l'Antiga Esquerra de l'Eixample,86,34530
2022,2,L'Eixample,8,l'Antiga Esquerra de l'Eixample,87,31010
2022,2,L'Eixample,8,l'Antiga Esquerra de l'Eixample,88,33755
2022,2,L'Eixample,8,l'Antiga Esquerra de l'Eixample,89,31286
2022,2,L'Eixample,8,l'Antiga Esquerra de l'Eixample,90,27743
2022,2,L'Eixample,8,l'Antiga Esquerra de l'Eixample,91,28847
2022,2,L'Eixample,8,l'Antiga Esquerra de l'Eixample,92,27949
2022,2,L'Eixample,8,l'Antiga Esquerra de l'Eixample,93,28843
2022,2,L'Eixample,8,l'Antiga Esquerra de l'Eixample,94,28317
2022,2,L'Eixample,8,l'Antiga Esquerra de l'Eixample,95,28796
2022,2,L'Eixample,8,l'Antiga Esquerra de l'Eixample,96,25695
2022,2,L'Eixample,8,l'Antiga Esquerra de l'Eixample,97,26117
2022,2,L'Eixample,8,l'Antiga Esquerra de l'Eixample,98,29715
2022,2,L'Eixample,8,l'Antiga Esquerra de l'Eixample,99,31367
2022,2,L'Eixample,8,l'Antiga Esquerra de l'Eixample,100,28751
2022,2,L'Eixample,8,l'Antiga Esquerra de l'Eixample,101,28579
2022,2,L'Eixample,8,l'Antiga Esquerra de l'Eixample,102,33880
2022,2,L'Eixample,8,l'Antiga Esquerra de l'Eixample,103,23891
2022,2,L'Eixample,8,l'Antiga Esquerra de l'Eixample,104,31025
2022,2,L'Eixample,8,l'Antiga Esquerra de l'Eixample,105,25244
2022,2,L'Eixample,8,l'Antiga Esquerra de l'Eixample,106,33670
2022,2,L'Eixample,8,l'Antiga Esquerra de l'Eixample,107,35024
2022,2,L'Eixample,8,l'Antiga Esquerra de l'Eixample,108,34772
2022,2,L'Eixample,8,l'Antiga Esquerra de l'Eixample,109,36439
2022,2,L'Eixample,9,la Nova Esquerra de l'Eixample,110,27447
2022,2,L'Eixample,9,la Nova Esquerra de l'Eixample,111,27293
2022,2,L'Eixample,9,la Nova Esquerra de l'Eixample,112,34517
2022,2,L'Eixample,9,la Nova Esquerra de l'Eixample,113,34169
2022,2,L'Eixample,9,la Nova Esquerra de l'Eixample,114,27574
2022,2,L'Eixample,9,la Nova Esquerra de l'Eixample,115,25994
2022,2,L'Eixample,9,la Nova Esquerra de l'Eixample,116,32132
2022,2,L'Eixample,9,la Nova Esquerra de l'Eixample,117,26573
2022,2,L'Eixample,9,la Nova Esquerra de l'Eixample,118,31716
2022,2,L'Eixample,9,la Nova Esquerra de l'Eixample,119,29178
2022,2,L'Eixample,9,la Nova Esquerra de l'Eixample,120,26208
2022,2,L'Eixample,9,la Nova Esquerra de l'Eixample,121,30148
2022,2,L'Eixample,9,la Nova Esquerra de l'Eixample,122,31010
2022,2,L'Eixample,9,la Nova Esquerra de l'Eixample,123,26216
2022,2,L'Eixample,9,la Nova Esquerra de l'Eixample,124,28136
2022,2,L'Eixample,9,la Nova Esquerra de l'Eixample,125,27956
2022,2,L'Eixample,9,la Nova Esquerra de l'Eixample,126,28947
2022,2,L'Eixample,9,la Nova Esquerra de l'Eixample,127,25773
2022,2,L'Eixample,9,la Nova Esquerra de l'Eixample,128,25170
2022,2,L'Eixample,9,la Nova Esquerra de l'Eixample,129,25866
2022,2,L'Eixample,9,la Nova Esquerra de l'Eixample,130,39434
2022,2,L'Eixample,9,la Nova Esquerra de l'Eixample,131,26978
2022,2,L'Eixample,9,la Nova Esquerra de l'Eixample,132,26999
2022,2,L'Eixample,9,la Nova Esquerra de l'Eixample,133,26558
2022,2,L'Eixample,9,la Nova Esquerra de l'Eixample,134,24769
2022,2,L'Eixample,9,la Nova Esquerra de l'Eixample,135,23409
2022,2,L'Eixample,9,la Nova Esquerra de l'Eixample,136,26117
2022,2,L'Eixample,9,la Nova Esquerra de l'Eixample,137,23249
2022,2,L'Eixample,9,la Nova Esquerra de l'Eixample,138,26566
2022,2,L'Eixample,9,la Nova Esquerra de l'Eixample,139,25205
2022,2,L'Eixample,9,la Nova Esquerra de l'Eixample,140,25971
2022,2,L'Eixample,9,la Nova Esquerra de l'Eixample,141,24068
2022,2,L'Eixample,9,la Nova Esquerra de l'Eixample,142,22522
2022,2,L'Eixample,9,la Nova Esquerra de l'Eixample,143,25875
2022,2,L'Eixample,9,la Nova Esquerra de l'Eixample,144,28459
2022,2,L'Eixample,9,la Nova Esquerra de l'Eixample,145,25126
2022,2,L'Eixample,9,la Nova Esquerra de l'Eixample,146,23944
2022,2,L'Eixample,9,la Nova Esquerra de l'Eixample,147,23965
2022,2,L'Eixample,9,la Nova Esquerra de l'Eixample,148,27374
2022,2,L'Eixample,9,la Nova Esquerra de l'Eixample,149,24028
2022,2,L'Eixample,10,Sant Antoni,150,21355
2022,2,L'Eixample,10,Sant Antoni,151,25198
2022,2,L'Eixample,10,Sant Antoni,152,26964
2022,2,L'Eixample,10,Sant Antoni,153,26795
2022,2,L'Eixample,10,Sant Antoni,154,21227
2022,2,L'Eixample,10,Sant Antoni,155,22087
2022,2,L'Eixample,10,Sant Antoni,156,25185
2022,2,L'Eixample,10,Sant Antoni,157,22269
2022,2,L'Eixample,10,Sant Antoni,158,23592
2022,2,L'Eixample,10,Sant Antoni,159,24077
2022,2,L'Eixample,10,Sant Antoni,160,27448
2022,2,L'Eixample,10,Sant Antoni,161,24227
2022,2,L'Eixample,10,Sant Antoni,162,21771
2022,2,L'Eixample,10,Sant Antoni,163,26020
2022,2,L'Eixample,10,Sant Antoni,164,24932
2022,2,L'Eixample,10,Sant Antoni,165,25449
2022,2,L'Eixample,10,Sant Antoni,166,23550
2022,2,L'Eixample,10,Sant Antoni,167,24578
2022,2,L'Eixample,10,Sant Antoni,168,23437
2022,2,L'Eixample,10,Sant Antoni,169,24163
2022,2,L'Eixample,10,Sant Antoni,170,24644
2022,2,L'Eixample,10,Sant Antoni,171,20729
2022,2,L'Eixample,10,Sant Antoni,172,21914
2022,2,L'Eixample,10,Sant Antoni,173,23947
2022,3,Sants-Montjuïc,11,el Poble Sec,1,19547
2022,3,Sants-Montjuïc,11,el Poble Sec,2,17760
2022,3,Sants-Montjuïc,11,el Poble Sec,3,16868
2022,3,Sants-Montjuïc,11,el Poble Sec,4,20786
2022,3,Sants-Montjuïc,11,el Poble Sec,5,18133
2022,3,Sants-Montjuïc,11,el Poble Sec,6,18597
2022,3,Sants-Montjuïc,11,el Poble Sec,7,17315
2022,3,Sants-Montjuïc,11,el Poble Sec,8,17678
2022,3,Sants-Montjuïc,11,el Poble Sec,9,18908
2022,3,Sants-Montjuïc,11,el Poble Sec,10,16719
2022,3,Sants-Montjuïc,11,el Poble Sec,11,14951
2022,3,Sants-Montjuïc,11,el Poble Sec,12,17687
2022,3,Sants-Montjuïc,11,el Poble Sec,13,16642
2022,3,Sants-Montjuïc,11,el Poble Sec,14,16199
2022,3,Sants-Montjuïc,11,el Poble Sec,15,17144
2022,3,Sants-Montjuïc,11,el Poble Sec,16,16637
2022,3,Sants-Montjuïc,11,el Poble Sec,17,15880
2022,3,Sants-Montjuïc,11,el Poble Sec,18,17535
2022,3,Sants-Montjuïc,11,el Poble Sec,19,16447
2022,3,Sants-Montjuïc,11,el Poble Sec,20,19982
2022,3,Sants-Montjuïc,11,el Poble Sec,21,20199
2022,3,Sants-Montjuïc,11,el Poble Sec,22,19731
2022,3,Sants-Montjuïc,11,el Poble Sec,23,16873
2022,3,Sants-Montjuïc,11,el Poble Sec,24,17171
2022,3,Sants-Montjuïc,12,la Marina del Prat Vermell,25,15055
2022,3,Sants-Montjuïc,13,la Marina de Port,26,17470
2022,3,Sants-Montjuïc,13,la Marina de Port,27,19200
2022,3,Sants-Montjuïc,13,la Marina de Port,28,22089
2022,3,Sants-Montjuïc,13,la Marina de Port,29,16505
2022,3,Sants-Montjuïc,13,la Marina de Port,30,18371
2022,3,Sants-Montjuïc,13,la Marina de Port,31,17134
2022,3,Sants-Montjuïc,13,la Marina de Port,32,14963
2022,3,Sants-Montjuïc,13,la Marina de Port,33,13425
2022,3,Sants-Montjuïc,13,la Marina de Port,34,17158
2022,3,Sants-Montjuïc,13,la Marina de Port,35,18563
2022,3,Sants-Montjuïc,13,la Marina de Port,36,20671
2022,3,Sants-Montjuïc,13,la Marina de Port,37,19899
2022,3,Sants-Montjuïc,13,la Marina de Port,38,13843
2022,3,Sants-Montjuïc,13,la Marina de Port,39,12954
2022,3,Sants-Montjuïc,14,la Font de la Guatlla,40,23945
2022,3,Sants-Montjuïc,14,la Font de la Guatlla,41,20171
2022,3,Sants-Montjuïc,14,la Font de la Guatlla,42,20275
2022,3,Sants-Montjuïc,14,la Font de la Guatlla,43,21552
2022,3,Sants-Montjuïc,14,la Font de la Guatlla,44,19405
2022,3,Sants-Montjuïc,14,la Font de la Guatlla,45,20850
2022,3,Sants-Montjuïc,14,la Font de la Guatlla,46,25150
2022,3,Sants-Montjuïc,15,Hostafrancs,47,19600
2022,3,Sants-Montjuïc,15,Hostafrancs,48,26595
2022,3,Sants-Montjuïc,15,Hostafrancs,49,21698
2022,3,Sants-Montjuïc,15,Hostafrancs,50,22357
2022,3,Sants-Montjuïc,15,Hostafrancs,51,17604
2022,3,Sants-Montjuïc,15,Hostafrancs,52,19904
2022,3,Sants-Montjuïc,15,Hostafrancs,53,18519
2022,3,Sants-Montjuïc,15,Hostafrancs,54,22035
2022,3,Sants-Montjuïc,15,Hostafrancs,55,20753
2022,3,Sants-Montjuïc,15,Hostafrancs,56,19620
2022,3,Sants-Montjuïc,16,la Bordeta,57,19893
2022,3,Sants-Montjuïc,16,la Bordeta,58,27157
2022,3,Sants-Montjuïc,16,la Bordeta,59,18868
2022,3,Sants-Montjuïc,16,la Bordeta,60,23761
2022,3,Sants-Montjuïc,16,la Bordeta,61,19775
2022,3,Sants-Montjuïc,16,la Bordeta,62,20548
2022,3,Sants-Montjuïc,16,la Bordeta,63,20503
2022,3,Sants-Montjuïc,16,la Bordeta,64,21157
2022,3,Sants-Montjuïc,16,la Bordeta,65,21070
2022,3,Sants-Montjuïc,16,la Bordeta,66,18716
2022,3,Sants-Montjuïc,16,la Bordeta,67,21010
2022,3,Sants-Montjuïc,16,la Bordeta,68,17923
2022,3,Sants-Montjuïc,16,la Bordeta,69,21786
2022,3,Sants-Montjuïc,17,Sants-Badal,70,16985
2022,3,Sants-Montjuïc,17,Sants-Badal,71,17476
2022,3,Sants-Montjuïc,17,Sants-Badal,72,17923
2022,3,Sants-Montjuïc,17,Sants-Badal,73,21379
2022,3,Sants-Montjuïc,17,Sants-Badal,74,20307
2022,3,Sants-Montjuïc,17,Sants-Badal,75,18511
2022,3,Sants-Montjuïc,17,Sants-Badal,76,18892
2022,3,Sants-Montjuïc,17,Sants-Badal,77,19163
2022,3,Sants-Montjuïc,17,Sants-Badal,78,18022
2022,3,Sants-Montjuïc,17,Sants-Badal,79,17732
2022,3,Sants-Montjuïc,17,Sants-Badal,80,19637
2022,3,Sants-Montjuïc,17,Sants-Badal,81,20423
2022,3,Sants-Montjuïc,17,Sants-Badal,82,23798
2022,3,Sants-Montjuïc,17,Sants-Badal,83,21688
2022,3,Sants-Montjuïc,17,Sants-Badal,84,22128
2022,3,Sants-Montjuïc,17,Sants-Badal,85,24986
2022,3,Sants-Montjuïc,18,Sants,86,26917
2022,3,Sants-Montjuïc,18,Sants,87,25194
2022,3,Sants-Montjuïc,18,Sants,88,22320
2022,3,Sants-Montjuïc,18,Sants,89,24038
2022,3,Sants-Montjuïc,18,Sants,90,26706
2022,3,Sants-Montjuïc,18,Sants,91,23336
2022,3,Sants-Montjuïc,18,Sants,92,22360
2022,3,Sants-Montjuïc,18,Sants,93,23569
2022,3,Sants-Montjuïc,18,Sants,94,23934
2022,3,Sants-Montjuïc,18,Sants,95,22333
2022,3,Sants-Montjuïc,18,Sants,96,20123
2022,3,Sants-Montjuïc,18,Sants,97,15941
2022,3,Sants-Montjuïc,18,Sants,98,18280
2022,3,Sants-Montjuïc,18,Sants,99,21404
2022,3,Sants-Montjuïc,18,Sants,100,21270
2022,3,Sants-Montjuïc,18,Sants,101,20727
2022,3,Sants-Montjuïc,18,Sants,102,21483
2022,3,Sants-Montjuïc,18,Sants,103,21307
2022,3,Sants-Montjuïc,18,Sants,104,20715
2022,3,Sants-Montjuïc,18,Sants,105,20275
2022,3,Sants-Montjuïc,18,Sants,106,21842
2022,3,Sants-Montjuïc,18,Sants,107,21764
2022,3,Sants-Montjuïc,18,Sants,108,21303
2022,3,Sants-Montjuïc,18,Sants,109,23119
2022,3,Sants-Montjuïc,18,Sants,110,23548
2022,3,Sants-Montjuïc,18,Sants,111,23956
2022,3,Sants-Montjuïc,18,Sants,112,25604
2022,3,Sants-Montjuïc,18,Sants,113,31772
2022,3,Sants-Montjuïc,18,Sants,114,29123
2022,3,Sants-Montjuïc,13,la Marina de Port,211,18715
2022,3,Sants-Montjuïc,13,la Marina de Port,212,16986
2022,3,Sants-Montjuïc,13,la Marina de Port,213,14248
2022,4,Les Corts,19,les Corts,1,26007
2022,4,Les Corts,19,les Corts,2,29015
2022,4,Les Corts,19,les Corts,3,28212
2022,4,Les Corts,19,les Corts,4,25937
2022,4,Les Corts,19,les Corts,5,26008
2022,4,Les Corts,19,les Corts,6,27373
2022,4,Les Corts,19,les Corts,7,24205
2022,4,Les Corts,19,les Corts,8,23482
2022,4,Les Corts,19,les Corts,9,27247
2022,4,Les Corts,19,les Corts,10,32564
2022,4,Les Corts,19,les Corts,11,32461
2022,4,Les Corts,19,les Corts,12,30291
2022,4,Les Corts,19,les Corts,13,32866
2022,4,Les Corts,19,les Corts,14,32203
2022,4,Les Corts,19,les Corts,15,28558
2022,4,Les Corts,19,les Corts,16,32510
2022,4,Les Corts,19,les Corts,17,30912
2022,4,Les Corts,19,les Corts,18,33169
2022,4,Les Corts,19,les Corts,19,41043
2022,4,Les Corts,19,les Corts,20,33533
2022,4,Les Corts,19,les Corts,21,39884
2022,4,Les Corts,19,les Corts,22,29698
2022,4,Les Corts,19,les Corts,23,49971
2022,4,Les Corts,19,les Corts,24,51091
2022,4,Les Corts,19,les Corts,25,30472
2022,4,Les Corts,19,les Corts,26,29867
2022,4,Les Corts,19,les Corts,27,32833
2022,4,Les Corts,19,les Corts,28,28760
2022,4,Les Corts,19,les Corts,29,35916
2022,4,Les Corts,19,les Corts,30,31658
2022,4,Les Corts,19,les Corts,31,27265
2022,4,Les Corts,19,les Corts,32,26014
2022,4,Les Corts,19,les Corts,33,25570
2022,4,Les Corts,19,les Corts,34,32877
2022,4,Les Corts,19,les Corts,35,29520
2022,4,Les Corts,20,la Maternitat i Sant Ramon,36,24691
2022,4,Les Corts,20,la Maternitat i Sant Ramon,37,26285
2022,4,Les Corts,20,la Maternitat i Sant Ramon,38,25410
2022,4,Les Corts,20,la Maternitat i Sant Ramon,39,25576
2022,4,Les Corts,20,la Maternitat i Sant Ramon,40,20239
2022,4,Les Corts,20,la Maternitat i Sant Ramon,41,21382
2022,4,Les Corts,20,la Maternitat i Sant Ramon,42,19819
2022,4,Les Corts,20,la Maternitat i Sant Ramon,43,31554
2022,4,Les Corts,20,la Maternitat i Sant Ramon,44,23112
2022,4,Les Corts,20,la Maternitat i Sant Ramon,45,23185
2022,4,Les Corts,20,la Maternitat i Sant Ramon,46,33925
2022,4,Les Corts,20,la Maternitat i Sant Ramon,47,27781
2022,4,Les Corts,20,la Maternitat i Sant Ramon,48,30680
2022,4,Les Corts,20,la Maternitat i Sant Ramon,49,44227
2022,4,Les Corts,21,Pedralbes,50,51091
2022,4,Les Corts,21,Pedralbes,51,34641
2022,4,Les Corts,21,Pedralbes,52,51091
2022,4,Les Corts,21,Pedralbes,53,33518
2022,4,Les Corts,21,Pedralbes,54,45890
2022,4,Les Corts,21,Pedralbes,55,51091
2022,4,Les Corts,21,Pedralbes,56,51091
2022,4,Les Corts,20,la Maternitat i Sant Ramon,84,33140
2022,5,Sarrià-Sant Gervasi,22,"Vallvidrera, el Tibidabo i les Planes",1,23280
2022,5,Sarrià-Sant Gervasi,22,"Vallvidrera, el Tibidabo i les Planes",2,41172
2022,5,Sarrià-Sant Gervasi,22,"Vallvidrera, el Tibidabo i les Planes",3,38137
2022,5,Sarrià-Sant Gervasi,23,Sarrià,4,51091
2022,5,Sarrià-Sant Gervasi,23,Sarrià,5,40920
2022,5,Sarrià-Sant Gervasi,23,Sarrià,6,51091
2022,5,Sarrià-Sant Gervasi,23,Sarrià,7,43153
2022,5,Sarrià-Sant Gervasi,23,Sarrià,8,51091
2022,5,Sarrià-Sant Gervasi,23,Sarrià,9,36743
2022,5,Sarrià-Sant Gervasi,23,Sarrià,10,33569
2022,5,Sarrià-Sant Gervasi,23,Sarrià,11,38828
2022,5,Sarrià-Sant Gervasi,23,Sarrià,12,34001
2022,5,Sarrià-Sant Gervasi,23,Sarrià,13,38183
2022,5,Sarrià-Sant Gervasi,23,Sarrià,14,45518
2022,5,Sarrià-Sant Gervasi,23,Sarrià,15,36663
2022,5,Sarrià-Sant Gervasi,23,Sarrià,16,29856
2022,5,Sarrià-Sant Gervasi,23,Sarrià,17,51091
2022,5,Sarrià-Sant Gervasi,23,Sarrià,18,34598
2022,5,Sarrià-Sant Gervasi,23,Sarrià,19,46780
2022,5,Sarrià-Sant Gervasi,24,les Tres Torres,20,46340
2022,5,Sarrià-Sant Gervasi,24,les Tres Torres,21,51091
2022,5,Sarrià-Sant Gervasi,24,les Tres Torres,22,51091
2022,5,Sarrià-Sant Gervasi,24,les Tres Torres,23,30937
2022,5,Sarrià-Sant Gervasi,24,les Tres Torres,24,51091
2022,5,Sarrià-Sant Gervasi,24,les Tres Torres,25,51091
2022,5,Sarrià-Sant Gervasi,24,les Tres Torres,26,51091
2022,5,Sarrià-Sant Gervasi,24,les Tres Torres,27,51091
2022,5,Sarrià-Sant Gervasi,24,les Tres Torres,28,50879
2022,5,Sarrià-Sant Gervasi,24,les Tres Torres,29,51091
2022,5,Sarrià-Sant Gervasi,24,les Tres Torres,30,51091
2022,5,Sarrià-Sant Gervasi,25,Sant Gervasi- la Bonanova,31,51091
2022,5,Sarrià-Sant Gervasi,25,Sant Gervasi- la Bonanova,32,51091
2022,5,Sarrià-Sant Gervasi,25,Sant Gervasi- la Bonanova,33,48513
2022,5,Sarrià-Sant Gervasi,25,Sant Gervasi- la Bonanova,34,37347
2022,5,Sarrià-Sant Gervasi,25,Sant Gervasi- la Bonanova,35,51091
2022,5,Sarrià-Sant Gervasi,25,Sant Gervasi- la Bonanova,36,47302
2022,5,Sarrià-Sant Gervasi,25,Sant Gervasi- la Bonanova,37,33744
2022,5,Sarrià-Sant Gervasi,25,Sant Gervasi- la Bonanova,38,31332
2022,5,Sarrià-Sant Gervasi,25,Sant Gervasi- la Bonanova,39,43829
2022,5,Sarrià-Sant Gervasi,25,Sant Gervasi- la Bonanova,40,31491
2022,5,Sarrià-Sant Gervasi,25,Sant Gervasi- la Bonanova,41,36554
2022,5,Sarrià-Sant Gervasi,25,Sant Gervasi- la Bonanova,42,36800
2022,5,Sarrià-Sant Gervasi,25,Sant Gervasi- la Bonanova,43,32365
2022,5,Sarrià-Sant Gervasi,25,Sant Gervasi- la Bonanova,44,32938
2022,5,Sarrià-Sant Gervasi,25,Sant Gervasi- la Bonanova,45,43600
2022,5,Sarrià-Sant Gervasi,25,Sant Gervasi- la Bonanova,46,51091
2022,5,Sarrià-Sant Gervasi,25,Sant Gervasi- la Bonanova,47,46609
2022,5,Sarrià-Sant Gervasi,25,Sant Gervasi- la Bonanova,48,47494
2022,5,Sarrià-Sant Gervasi,26,Sant Gervasi- Galvany,49,51091
2022,5,Sarrià-Sant Gervasi,26,Sant Gervasi- Galvany,50,40869
2022,5,Sarrià-Sant Gervasi,26,Sant Gervasi- Galvany,51,48815
2022,5,Sarrià-Sant Gervasi,26,Sant Gervasi- Galvany,52,51091
2022,5,Sarrià-Sant Gervasi,26,Sant Gervasi- Galvany,53,51091
2022,5,Sarrià-Sant Gervasi,26,Sant Gervasi- Galvany,54,51091
2022,5,Sarrià-Sant Gervasi,26,Sant Gervasi- Galvany,55,51091
2022,5,Sarrià-Sant Gervasi,26,Sant Gervasi- Galvany,56,47178
2022,5,Sarrià-Sant Gervasi,26,Sant Gervasi- Galvany,57,51091
2022,5,Sarrià-Sant Gervasi,26,Sant Gervasi- Galvany,58,51091
2022,5,Sarrià-Sant Gervasi,26,Sant Gervasi- Galvany,59,51067
2022,5,Sarrià-Sant Gervasi,26,Sant Gervasi- Galvany,60,51091
2022,5,Sarrià-Sant Gervasi,26,Sant Gervasi- Galvany,61,36625
2022,5,Sarrià-Sant Gervasi,26,Sant Gervasi- Galvany,62,45913
2022,5,Sarrià-Sant Gervasi,26,Sant Gervasi- Galvany,63,46571
2022,5,Sarrià-Sant Gervasi,26,Sant Gervasi- Galvany,64,43334
2022,5,Sarrià-Sant Gervasi,26,Sant Gervasi- Galvany,65,35650
2022,5,Sarrià-Sant Gervasi,26,Sant Gervasi- Galvany,66,45456
2022,5,Sarrià-Sant Gervasi,26,Sant Gervasi- Galvany,67,40815
2022,5,Sarrià-Sant Gervasi,26,Sant Gervasi- Galvany,68,38736
2022,5,Sarrià-Sant Gervasi,26,Sant Gervasi- Galvany,69,35661
2022,5,Sarrià-Sant Gervasi,26,Sant Gervasi- Galvany,70,33496
2022,5,Sarrià-Sant Gervasi,26,Sant Gervasi- Galvany,71,32530
2022,5,Sarrià-Sant Gervasi,26,Sant Gervasi- Galvany,72,38863
2022,5,Sarrià-Sant Gervasi,26,Sant Gervasi- Galvany,73,33531
2022,5,Sarrià-Sant Gervasi,26,Sant Gervasi- Galvany,74,40494
2022,5,Sarrià-Sant Gervasi,26,Sant Gervasi- Galvany,75,35895
2022,5,Sarrià-Sant Gervasi,26,Sant Gervasi- Galvany,76,36858
2022,5,Sarrià-Sant Gervasi,26,Sant Gervasi- Galvany,77,41439
2022,5,Sarrià-Sant Gervasi,26,Sant Gervasi- Galvany,78,42620
2022,5,Sarrià-Sant Gervasi,26,Sant Gervasi- Galvany,79,35682
2022,5,Sarrià-Sant Gervasi,27,el Putxet i el Farró,80,33396
2022,5,Sarrià-Sant Gervasi,27,el Putxet i el Farró,81,31907
2022,5,Sarrià-Sant Gervasi,27,el Putxet i el Farró,82,30115
2022,5,Sarrià-Sant Gervasi,27,el Putxet i el Farró,83,30994
2022,5,Sarrià-Sant Gervasi,27,el Putxet i el Farró,84,31268
2022,5,Sarrià-Sant Gervasi,27,el Putxet i el Farró,85,27846
2022,5,Sarrià-Sant Gervasi,27,el Putxet i el Farró,86,30724
2022,5,Sarrià-Sant Gervasi,27,el Putxet i el Farró,87,31828
2022,5,Sarrià-Sant Gervasi,27,el Putxet i el Farró,88,33196
2022,5,Sarrià-Sant Gervasi,27,el Putxet i el Farró,89,33205
2022,5,Sarrià-Sant Gervasi,27,el Putxet i el Farró,90,31365
2022,5,Sarrià-Sant Gervasi,27,el Putxet i el Farró,91,30201
2022,5,Sarrià-Sant Gervasi,27,el Putxet i el Farró,92,44247
2022,5,Sarrià-Sant Gervasi,27,el Putxet i el Farró,93,35890
2022,5,Sarrià-Sant Gervasi,27,el Putxet i el Farró,94,41154
2022,5,Sarrià-Sant Gervasi,27,el Putxet i el Farró,95,29978
2022,5,Sarrià-Sant Gervasi,27,el Putxet i el Farró,96,28530
2022,5,Sarrià-Sant Gervasi,27,el Putxet i el Farró,97,33651
2022,5,Sarrià-Sant Gervasi,27,el Putxet i el Farró,98,30125
2022,6,Gràcia,28,Vallcarca i els Penitents,1,24112
2022,6,Gràcia,28,Vallcarca i els Penitents,2,25543
2022,6,Gràcia,28,Vallcarca i els Penitents,3,22448
2022,6,Gràcia,28,Vallcarca i els Penitents,4,26350
2022,6,Gràcia,28,Vallcarca i els Penitents,6,35090
2022,6,Gràcia,28,Vallcarca i els Penitents,7,28706
2022,6,Gràcia,28,Vallcarca i els Penitents,8,25499
2022,6,Gràcia,28,Vallcarca i els Penitents,9,36654
2022,6,Gràcia,28,Vallcarca i els Penitents,10,31390
2022,6,Gràcia,28,Vallcarca i els Penitents,11,29748
2022,6,Gràcia,28,Vallcarca i els Penitents,12,34335
2022,6,Gràcia,29,el Coll,13,24534
2022,6,Gràcia,29,el Coll,14,21211
2022,6,Gràcia,29,el Coll,15,20602
2022,6,Gràcia,29,el Coll,16,19409
2022,6,Gràcia,29,el Coll,17,21213
2022,6,Gràcia,30,la Salut,18,22832
2022,6,Gràcia,30,la Salut,19,24374
2022,6,Gràcia,30,la Salut,20,26023
2022,6,Gràcia,30,la Salut,21,29347
2022,6,Gràcia,30,la Salut,22,26564
2022,6,Gràcia,30,la Salut,23,34656
2022,6,Gràcia,30,la Salut,24,26029
2022,6,Gràcia,30,la Salut,25,28558
2022,6,Gràcia,30,la Salut,26,27160
2022,6,Gràcia,30,la Salut,27,28199
2022,6,Gràcia,31,la Vila de Gràcia,28,22448
2022,6,Gràcia,31,la Vila de Gràcia,29,26794
2022,6,Gràcia,31,la Vila de Gràcia,30,22882
2022,6,Gràcia,31,la Vila de Gràcia,31,24947
2022,6,Gràcia,31,la Vila de Gràcia,32,23769
2022,6,Gràcia,31,la Vila de Gràcia,33,25136
2022,6,Gràcia,31,la Vila de Gràcia,34,23729
2022,6,Gràcia,31,la Vila de Gràcia,35,29748
2022,6,Gràcia,31,la Vila de Gràcia,36,28351
2022,6,Gràcia,31,la Vila de Gràcia,37,26818
2022,6,Gràcia,31,la Vila de Gràcia,38,24383
2022,6,Gràcia,31,la Vila de Gràcia,39,23965
2022,6,Gràcia,31,la Vila de Gràcia,40,27566
2022,6,Gràcia,31,la Vila de Gràcia,41,28538
2022,6,Gràcia,31,la Vila de Gràcia,42,33231
2022,6,Gràcia,31,la Vila de Gràcia,43,28634
2022,6,Gràcia,31,la Vila de Gràcia,44,34813
2022,6,Gràcia,31,la Vila de Gràcia,45,28071
2022,6,Gràcia,31,la Vila de Gràcia,46,25221
2022,6,Gràcia,31,la Vila de Gràcia,47,23597
2022,6,Gràcia,31,la Vila de Gràcia,48,24142
2022,6,Gràcia,31,la Vila de Gràcia,49,25660
2022,6,Gràcia,31,la Vila de Gràcia,50,21824
2022,6,Gràcia,31,la Vila de Gràcia,51,26137
2022,6,Gràcia,31,la Vila de Gràcia,52,25333
2022,6,Gràcia,31,la Vila de Gràcia,53,26050
2022,6,Gràcia,31,la Vila de Gràcia,54,23143
2022,6,Gràcia,31,la Vila de Gràcia,55,25779
2022,6,Gràcia,31,la Vila de Gràcia,56,23951
2022,6,Gràcia,31,la Vila de Gràcia,57,22592
2022,6,Gràcia,31,la Vila de Gràcia,58,26948
2022,6,Gràcia,31,la Vila de Gràcia,59,24070
2022,6,Gràcia,31,la Vila de Gràcia,60,23347
2022,6,Gràcia,31,la Vila de Gràcia,61,23140
2022,6,Gràcia,31,la Vila de Gràcia,62,22383
2022,6,Gràcia,31,la Vila de Gràcia,63,23647
2022,6,Gràcia,32,el Camp d'en Grassot i Gràcia Nova,64,25817
2022,6,Gràcia,32,el Camp d'en Grassot i Gràcia Nova,65,28141
2022,6,Gràcia,32,el Camp d'en Grassot i Gràcia Nova,66,27399
2022,6,Gràcia,32,el Camp d'en Grassot i Gràcia Nova,67,25224
2022,6,Gràcia,32,el Camp d'en Grassot i Gràcia Nova,68,29222
2022,6,Gràcia,32,el Camp d'en Grassot i Gràcia Nova,69,27160
2022,6,Gràcia,32,el Camp d'en Grassot i Gràcia Nova,70,24682
2022,6,Gràcia,32,el Camp d'en Grassot i Gràcia Nova,71,25883
2022,6,Gràcia,32,el Camp d'en Grassot i Gràcia Nova,72,30883
2022,6,Gràcia,32,el Camp d'en Grassot i Gràcia Nova,73,25050
2022,6,Gràcia,32,el Camp d'en Grassot i Gràcia Nova,74,24698
2022,6,Gràcia,32,el Camp d'en Grassot i Gràcia Nova,75,29311
2022,6,Gràcia,32,el Camp d'en Grassot i Gràcia Nova,76,27282
2022,6,Gràcia,32,el Camp d'en Grassot i Gràcia Nova,77,23345
2022,6,Gràcia,32,el Camp d'en Grassot i Gràcia Nova,78,23626
2022,6,Gràcia,32,el Camp d'en Grassot i Gràcia Nova,79,25824
2022,6,Gràcia,32,el Camp d'en Grassot i Gràcia Nova,80,24555
2022,6,Gràcia,32,el Camp d'en Grassot i Gràcia Nova,81,24739
2022,6,Gràcia,32,el Camp d'en Grassot i Gràcia Nova,82,25569
2022,6,Gràcia,32,el Camp d'en Grassot i Gràcia Nova,83,27487
2022,6,Gràcia,32,el Camp d'en Grassot i Gràcia Nova,84,25025
2022,6,Gràcia,32,el Camp d'en Grassot i Gràcia Nova,85,27088
2022,6,Gràcia,32,el Camp d'en Grassot i Gràcia Nova,86,30979
2022,6,Gràcia,32,el Camp d'en Grassot i Gràcia Nova,87,28941
2022,6,Gràcia,32,el Camp d'en Grassot i Gràcia Nova,88,25224
2022,7,Horta-Guinardó,33,el Baix Guinardó,1,26234
2022,7,Horta-Guinardó,33,el Baix Guinardó,2,22676
2022,7,Horta-Guinardó,33,el Baix Guinardó,3,24100
2022,7,Horta-Guinardó,33,el Baix Guinardó,4,21379
2022,7,Horta-Guinardó,33,el Baix Guinardó,5,22090
2022,7,Horta-Guinardó,33,el Baix Guinardó,6,24458
2022,7,Horta-Guinardó,33,el Baix Guinardó,7,21662
2022,7,Horta-Guinardó,33,el Baix Guinardó,8,23181
2022,7,Horta-Guinardó,33,el Baix Guinardó,9,21350
2022,7,Horta-Guinardó,33,el Baix Guinardó,10,24998
2022,7,Horta-Guinardó,33,el Baix Guinardó,11,21992
2022,7,Horta-Guinardó,33,el Baix Guinardó,12,20964
2022,7,Horta-Guinardó,33,el Baix Guinardó,13,24389
2022,7,Horta-Guinardó,33,el Baix Guinardó,14,20029
2022,7,Horta-Guinardó,33,el Baix Guinardó,15,21885
2022,7,Horta-Guinardó,33,el Baix Guinardó,16,25400
2022,7,Horta-Guinardó,33,el Baix Guinardó,17,21644
2022,7,Horta-Guinardó,33,el Baix Guinardó,18,21506
2022,7,Horta-Guinardó,33,el Baix Guinardó,19,22666
2022,7,Horta-Guinardó,34,Can Baró,20,20887
2022,7,Horta-Guinardó,34,Can Baró,21,25509
2022,7,Horta-Guinardó,34,Can Baró,22,21654
2022,7,Horta-Guinardó,34,Can Baró,23,18526
2022,7,Horta-Guinardó,34,Can Baró,24,20424
2022,7,Horta-Guinardó,34,Can Baró,25,19162
2022,7,Horta-Guinardó,34,Can Baró,26,20283
2022,7,Horta-Guinardó,35,el Guinardó,27,19270
2022,7,Horta-Guinardó,35,el Guinardó,28,21419
2022,7,Horta-Guinardó,35,el Guinardó,29,23532
2022,7,Horta-Guinardó,35,el Guinardó,30,18830
2022,7,Horta-Guinardó,35,el Guinardó,31,18315
2022,7,Horta-Guinardó,35,el Guinardó,32,21330
2022,7,Horta-Guinardó,35,el Guinardó,33,22252
2022,7,Horta-Guinardó,35,el Guinardó,34,24876
2022,7,Horta-Guinardó,35,el Guinardó,35,25033
2022,7,Horta-Guinardó,35,el Guinardó,36,24919
2022,7,Horta-Guinardó,35,el Guinardó,37,21285
2022,7,Horta-Guinardó,35,el Guinardó,38,21260
2022,7,Horta-Guinardó,35,el Guinardó,39,23316
2022,7,Horta-Guinardó,35,el Guinardó,40,22324
2022,7,Horta-Guinardó,35,el Guinardó,41,20236
2022,7,Horta-Guinardó,35,el Guinardó,42,21832
2022,7,Horta-Guinardó,35,el Guinardó,43,22331
2022,7,Horta-Guinardó,35,el Guinardó,44,23356
2022,7,Horta-Guinardó,35,el Guinardó,45,20475
2022,7,Horta-Guinardó,35,el Guinardó,46,20597
2022,7,Horta-Guinardó,35,el Guinardó,47,20448
2022,7,Horta-Guinardó,35,el Guinardó,48,21713
2022,7,Horta-Guinardó,35,el Guinardó,49,21177
2022,7,Horta-Guinardó,35,el Guinardó,50,20631
2022,7,Horta-Guinardó,35,el Guinardó,51,21212
2022,7,Horta-Guinardó,36,la Font d'en Fargues,52,28463
2022,7,Horta-Guinardó,36,la Font d'en Fargues,53,23759
2022,7,Horta-Guinardó,36,la Font d'en Fargues,54,30670
2022,7,Horta-Guinardó,36,la Font d'en Fargues,55,34358
2022,7,Horta-Guinardó,36,la Font d'en Fargues,56,24521
2022,7,Horta-Guinardó,36,la Font d'en Fargues,57,24831
2022,7,Horta-Guinardó,36,la Font d'en Fargues,58,23291
2022,7,Horta-Guinardó,37,el Carmel,59,16858
2022,7,Horta-Guinardó,37,el Carmel,60,16458
2022,7,Horta-Guinardó,37,el Carmel,61,17203
2022,7,Horta-Guinardó,37,el Carmel,62,17070
2022,7,Horta-Guinardó,37,el Carmel,63,14233
2022,7,Horta-Guinardó,37,el Carmel,64,15075
2022,7,Horta-Guinardó,37,el Carmel,65,13480
2022,7,Horta-Guinardó,37,el Carmel,66,14227
2022,7,Horta-Guinardó,37,el Carmel,67,14251
2022,7,Horta-Guinardó,37,el Carmel,68,13496
2022,7,Horta-Guinardó,37,el Carmel,69,14201
2022,7,Horta-Guinardó,37,el Carmel,70,14733
2022,7,Horta-Guinardó,37,el Carmel,71,17152
2022,7,Horta-Guinardó,37,el Carmel,72,16508
2022,7,Horta-Guinardó,37,el Carmel,73,14868
2022,7,Horta-Guinardó,37,el Carmel,74,15250
2022,7,Horta-Guinardó,37,el Carmel,75,14600
2022,7,Horta-Guinardó,37,el Carmel,76,15261
2022,7,Horta-Guinardó,37,el Carmel,77,14820
2022,7,Horta-Guinardó,37,el Carmel,78,14962
2022,7,Horta-Guinardó,37,el Carmel,79,14721
2022,7,Horta-Guinardó,37,el Carmel,80,16114
2022,7,Horta-Guinardó,38,la Teixonera,81,17815
2022,7,Horta-Guinardó,38,la Teixonera,82,16529
2022,7,Horta-Guinardó,38,la Teixonera,83,15662
2022,7,Horta-Guinardó,38,la Teixonera,84,16456
2022,7,Horta-Guinardó,38,la Teixonera,85,17516
2022,7,Horta-Guinardó,38,la Teixonera,86,16250
2022,7,Horta-Guinardó,38,la Teixonera,87,17808
2022,7,Horta-Guinardó,38,la Teixonera,88,17319
2022,7,Horta-Guinardó,39,Sant Genís dels Agudells,89,21134
2022,7,Horta-Guinardó,39,Sant Genís dels Agudells,90,18174
2022,7,Horta-Guinardó,39,Sant Genís dels Agudells,91,18855
2022,7,Horta-Guinardó,39,Sant Genís dels Agudells,92,13779
2022,7,Horta-Guinardó,39,Sant Genís dels Agudells,93,17601
2022,7,Horta-Guinardó,40,Montbau,94,19859
2022,7,Horta-Guinardó,40,Montbau,95,20165
2022,7,Horta-Guinardó,40,Montbau,96,18321
2022,7,Horta-Guinardó,40,Montbau,97,23509
2022,7,Horta-Guinardó,41,la Vall d'Hebron,98,28787
2022,7,Horta-Guinardó,41,la Vall d'Hebron,99,23736
2022,7,Horta-Guinardó,41,la Vall d'Hebron,100,20626
2022,7,Horta-Guinardó,41,la Vall d'Hebron,101,20947
2022,7,Horta-Guinardó,42,la Clota,102,20317
2022,7,Horta-Guinardó,43,Horta,103,19057
2022,7,Horta-Guinardó,43,Horta,104,17479
2022,7,Horta-Guinardó,43,Horta,105,22944
2022,7,Horta-Guinardó,43,Horta,106,21664
2022,7,Horta-Guinardó,43,Horta,107,25504
2022,7,Horta-Guinardó,43,Horta,108,21738
2022,7,Horta-Guinardó,43,Horta,109,17367
2022,7,Horta-Guinardó,43,Horta,110,22394
2022,7,Horta-Guinardó,43,Horta,111,25167
2022,7,Horta-Guinardó,43,Horta,112,21981
2022,7,Horta-Guinardó,43,Horta,113,18769
2022,7,Horta-Guinardó,43,Horta,114,22695
2022,7,Horta-Guinardó,43,Horta,115,26234
2022,7,Horta-Guinardó,43,Horta,116,20606
2022,7,Horta-Guinardó,43,Horta,117,22189
2022,7,Horta-Guinardó,43,Horta,118,21929
2022,7,Horta-Guinardó,43,Horta,119,18135
2022,7,Horta-Guinardó,43,Horta,120,19183
2022,7,Horta-Guinardó,43,Horta,121,16622
2022,7,Horta-Guinardó,43,Horta,122,20376
2022,7,Horta-Guinardó,43,Horta,123,22140
2022,8,Nou Barris,44,Vilapicina i la Torre Llobeta,1,19409
2022,8,Nou Barris,44,Vilapicina i la Torre Llobeta,2,21726
2022,8,Nou Barris,44,Vilapicina i la Torre Llobeta,3,19286
2022,8,Nou Barris,44,Vilapicina i la Torre Llobeta,4,17862
2022,8,Nou Barris,44,Vilapicina i la Torre Llobeta,5,19835
2022,8,Nou Barris,44,Vilapicina i la Torre Llobeta,6,19867
2022,8,Nou Barris,44,Vilapicina i la Torre Llobeta,7,20862
2022,8,Nou Barris,44,Vilapicina i la Torre Llobeta,8,20531
2022,8,Nou Barris,44,Vilapicina i la Torre Llobeta,9,18178
2022,8,Nou Barris,44,Vilapicina i la Torre Llobeta,10,22865
2022,8,Nou Barris,44,Vilapicina i la Torre Llobeta,11,21402
2022,8,Nou Barris,44,Vilapicina i la Torre Llobeta,12,20654
2022,8,Nou Barris,44,Vilapicina i la Torre Llobeta,13,19387
2022,8,Nou Barris,44,Vilapicina i la Torre Llobeta,14,17933
2022,8,Nou Barris,44,Vilapicina i la Torre Llobeta,15,16797
2022,8,Nou Barris,44,Vilapicina i la Torre Llobeta,16,19576
2022,8,Nou Barris,44,Vilapicina i la Torre Llobeta,17,21408
2022,8,Nou Barris,44,Vilapicina i la Torre Llobeta,18,19392
2022,8,Nou Barris,44,Vilapicina i la Torre Llobeta,19,17452
2022,8,Nou Barris,45,Porta,20,18659
2022,8,Nou Barris,45,Porta,21,19773
2022,8,Nou Barris,45,Porta,22,19438
2022,8,Nou Barris,45,Porta,23,17102
2022,8,Nou Barris,45,Porta,24,18493
2022,8,Nou Barris,45,Porta,25,16073
2022,8,Nou Barris,45,Porta,26,19417
2022,8,Nou Barris,45,Porta,27,21275
2022,8,Nou Barris,45,Porta,28,17267
2022,8,Nou Barris,45,Porta,29,15390
2022,8,Nou Barris,45,Porta,30,16911
2022,8,Nou Barris,45,Porta,31,17879
2022,8,Nou Barris,45,Porta,32,18518
2022,8,Nou Barris,45,Porta,33,15025
2022,8,Nou Barris,45,Porta,34,14471
2022,8,Nou Barris,45,Porta,35,17365
2022,8,Nou Barris,45,Porta,36,14065
2022,8,Nou Barris,45,Porta,37,16275
2022,8,Nou Barris,46,el Turó de la Peira,38,14978
2022,8,Nou Barris,46,el Turó de la Peira,39,15974
2022,8,Nou Barris,46,el Turó de la Peira,40,13621
2022,8,Nou Barris,46,el Turó de la Peira,41,11345
2022,8,Nou Barris,46,el Turó de la Peira,42,18449
2022,8,Nou Barris,46,el Turó de la Peira,43,16848
2022,8,Nou Barris,46,el Turó de la Peira,44,13570
2022,8,Nou Barris,46,el Turó de la Peira,45,13571
2022,8,Nou Barris,46,el Turó de la Peira,46,15219
2022,8,Nou Barris,46,el Turó de la Peira,47,12594
2022,8,Nou Barris,47,Can Peguera,48,11544
2022,8,Nou Barris,47,Can Peguera,49,14780
2022,8,Nou Barris,48,la Guineueta,50,22336
2022,8,Nou Barris,48,la Guineueta,51,20331
2022,8,Nou Barris,48,la Guineueta,52,18902
2022,8,Nou Barris,48,la Guineueta,53,21398
2022,8,Nou Barris,48,la Guineueta,54,18955
2022,8,Nou Barris,48,la Guineueta,55,24293
2022,8,Nou Barris,48,la Guineueta,56,17278
2022,8,Nou Barris,48,la Guineueta,57,18283
2022,8,Nou Barris,48,la Guineueta,58,16214
2022,8,Nou Barris,48,la Guineueta,59,17594
2022,8,Nou Barris,49,Canyelles,60,19684
2022,8,Nou Barris,49,Canyelles,61,17072
2022,8,Nou Barris,49,Canyelles,62,19190
2022,8,Nou Barris,49,Canyelles,63,21744
2022,8,Nou Barris,49,Canyelles,64,16194
2022,8,Nou Barris,50,les Roquetes,65,12263
2022,8,Nou Barris,50,les Roquetes,66,11410
2022,8,Nou Barris,50,les Roquetes,67,14532
2022,8,Nou Barris,50,les Roquetes,68,12272
2022,8,Nou Barris,50,les Roquetes,69,12663
2022,8,Nou Barris,50,les Roquetes,70,12306
2022,8,Nou Barris,50,les Roquetes,71,13290
2022,8,Nou Barris,50,les Roquetes,72,15116
2022,8,Nou Barris,50,les Roquetes,73,11124
2022,8,Nou Barris,50,les Roquetes,74,12384
2022,8,Nou Barris,51,Verdun,75,14747
2022,8,Nou Barris,51,Verdun,76,15339
2022,8,Nou Barris,51,Verdun,77,12485
2022,8,Nou Barris,51,Verdun,78,13538
2022,8,Nou Barris,51,Verdun,79,13264
2022,8,Nou Barris,51,Verdun,80,14413
2022,8,Nou Barris,51,Verdun,81,12727
2022,8,Nou Barris,51,Verdun,82,14764
2022,8,Nou Barris,52,la Prosperitat,83,15045
2022,8,Nou Barris,52,la Prosperitat,84,16393
2022,8,Nou Barris,52,la Prosperitat,85,14908
2022,8,Nou Barris,52,la Prosperitat,86,15631
2022,8,Nou Barris,52,la Prosperitat,87,15808
2022,8,Nou Barris,52,la Prosperitat,88,15209
2022,8,Nou Barris,52,la Prosperitat,89,16188
2022,8,Nou Barris,52,la Prosperitat,90,16561
2022,8,Nou Barris,52,la Prosperitat,91,16060
2022,8,Nou Barris,52,la Prosperitat,92,17283
2022,8,Nou Barris,52,la Prosperitat,93,15466
2022,8,Nou Barris,52,la Prosperitat,94,16509
2022,8,Nou Barris,52,la Prosperitat,95,19741
2022,8,Nou Barris,52,la Prosperitat,96,16413
2022,8,Nou Barris,52,la Prosperitat,97,15506
2022,8,Nou Barris,52,la Prosperitat,98,14651
2022,8,Nou Barris,52,la Prosperitat,99,14698
2022,8,Nou Barris,52,la Prosperitat,100,15137
2022,8,Nou Barris,52,la Prosperitat,101,16394
2022,8,Nou Barris,52,la Prosperitat,102,13393
2022,8,Nou Barris,53,la Trinitat Nova,103,11024
2022,8,Nou Barris,53,la Trinitat Nova,104,12794
2022,8,Nou Barris,53,la Trinitat Nova,105,13069
2022,8,Nou Barris,53,la Trinitat Nova,106,11991
2022,8,Nou Barris,53,la Trinitat Nova,107,13140
2022,8,Nou Barris,54,Torre Baró,108,11727
2022,8,Nou Barris,54,Torre Baró,109,11369
2022,8,Nou Barris,55,Ciutat Meridiana,110,9388
2022,8,Nou Barris,55,Ciutat Meridiana,111,10137
2022,8,Nou Barris,55,Ciutat Meridiana,112,10805
2022,8,Nou Barris,55,Ciutat Meridiana,113,10367
2022,8,Nou Barris,55,Ciutat Meridiana,114,11337
2022,8,Nou Barris,55,Ciutat Meridiana,115,10955
2022,8,Nou Barris,56,Vallbona,116,12195
2022,8,Nou Barris,48,la Guineueta,215,19951
2022,9,Sant Andreu,57,la Trinitat Vella,1,10047
2022,9,Sant Andreu,57,la Trinitat Vella,2,11167
2022,9,Sant Andreu,57,la Trinitat Vella,3,12049
2022,9,Sant Andreu,57,la Trinitat Vella,4,12476
2022,9,Sant Andreu,57,la Trinitat Vella,5,16648
2022,9,Sant Andreu,58,Baró de Viver,6,12662
2022,9,Sant Andreu,58,Baró de Viver,7,11895
2022,9,Sant Andreu,59,el Bon Pastor,8,24884
2022,9,Sant Andreu,59,el Bon Pastor,9,18382
2022,9,Sant Andreu,59,el Bon Pastor,10,15905
2022,9,Sant Andreu,59,el Bon Pastor,11,13532
2022,9,Sant Andreu,59,el Bon Pastor,13,11227
2022,9,Sant Andreu,59,el Bon Pastor,14,13484
2022,9,Sant Andreu,59,el Bon Pastor,15,13568
2022,9,Sant Andreu,60,Sant Andreu,16,20751
2022,9,Sant Andreu,60,Sant Andreu,17,21379
2022,9,Sant Andreu,60,Sant Andreu,18,20198
2022,9,Sant Andreu,60,Sant Andreu,19,22852
2022,9,Sant Andreu,60,Sant Andreu,20,22159
2022,9,Sant Andreu,60,Sant Andreu,21,23246
2022,9,Sant Andreu,60,Sant Andreu,22,24862
2022,9,Sant Andreu,60,Sant Andreu,23,23627
2022,9,Sant Andreu,60,Sant Andreu,24,23125
2022,9,Sant Andreu,60,Sant Andreu,25,24239
2022,9,Sant Andreu,60,Sant Andreu,26,24134
2022,9,Sant Andreu,60,Sant Andreu,27,23038
2022,9,Sant Andreu,60,Sant Andreu,28,26947
2022,9,Sant Andreu,60,Sant Andreu,29,20759
2022,9,Sant Andreu,60,Sant Andreu,30,22859
2022,9,Sant Andreu,60,Sant Andreu,31,23763
2022,9,Sant Andreu,60,Sant Andreu,32,17226
2022,9,Sant Andreu,60,Sant Andreu,33,20480
2022,9,Sant Andreu,60,Sant Andreu,34,17668
2022,9,Sant Andreu,60,Sant Andreu,35,20783
2022,9,Sant Andreu,60,Sant Andreu,36,21639
2022,9,Sant Andreu,60,Sant Andreu,37,17613
2022,9,Sant Andreu,60,Sant Andreu,38,22348
2022,9,Sant Andreu,60,Sant Andreu,39,21541
2022,9,Sant Andreu,60,Sant Andreu,40,23933
2022,9,Sant Andreu,60,Sant Andreu,41,20542
2022,9,Sant Andreu,60,Sant Andreu,42,23389
2022,9,Sant Andreu,60,Sant Andreu,43,20485
2022,9,Sant Andreu,60,Sant Andreu,44,22222
2022,9,Sant Andreu,60,Sant Andreu,45,21795
2022,9,Sant Andreu,60,Sant Andreu,46,24050
2022,9,Sant Andreu,60,Sant Andreu,47,24117
2022,9,Sant Andreu,60,Sant Andreu,48,21135
2022,9,Sant Andreu,60,Sant Andreu,49,20254
2022,9,Sant Andreu,60,Sant Andreu,50,22465
2022,9,Sant Andreu,60,Sant Andreu,51,22979
2022,9,Sant Andreu,60,Sant Andreu,52,21741
2022,9,Sant Andreu,60,Sant Andreu,53,23877
2022,9,Sant Andreu,60,Sant Andreu,54,23071
2022,9,Sant Andreu,61,la Sagrera,55,16750
2022,9,Sant Andreu,61,la Sagrera,56,21334
2022,9,Sant Andreu,61,la Sagrera,57,19242
2022,9,Sant Andreu,61,la Sagrera,58,22129
2022,9,Sant Andreu,61,la Sagrera,59,21720
2022,9,Sant Andreu,61,la Sagrera,60,19710
2022,9,Sant Andreu,61,la Sagrera,61,23433
2022,9,Sant Andreu,61,la Sagrera,62,22382
2022,9,Sant Andreu,61,la Sagrera,63,24118
2022,9,Sant Andreu,61,la Sagrera,64,21589
2022,9,Sant Andreu,61,la Sagrera,65,19733
2022,9,Sant Andreu,61,la Sagrera,66,23879
2022,9,Sant Andreu,61,la Sagrera,67,18526
2022,9,Sant Andreu,61,la Sagrera,68,21785
2022,9,Sant Andreu,61,la Sagrera,69,20396
2022,9,Sant Andreu,61,la Sagrera,70,14842
2022,9,Sant Andreu,61,la Sagrera,71,18892
2022,9,Sant Andreu,61,la Sagrera,72,16511
2022,9,Sant Andreu,61,la Sagrera,73,21092
2022,9,Sant Andreu,62,el Congrés i els Indians,74,19153
2022,9,Sant Andreu,62,el Congrés i els Indians,75,18611
2022,9,Sant Andreu,62,el Congrés i els Indians,76,19255
2022,9,Sant Andreu,62,el Congrés i els Indians,77,20723
2022,9,Sant Andreu,62,el Congrés i els Indians,78,21425
2022,9,Sant Andreu,62,el Congrés i els Indians,79,21571
2022,9,Sant Andreu,62,el Congrés i els Indians,80,21621
2022,9,Sant Andreu,62,el Congrés i els Indians,81,20763
2022,9,Sant Andreu,62,el Congrés i els Indians,82,20171
2022,9,Sant Andreu,63,Navas,83,21312
2022,9,Sant Andreu,63,Navas,84,23579
2022,9,Sant Andreu,63,Navas,85,21511
2022,9,Sant Andreu,63,Navas,86,20704
2022,9,Sant Andreu,63,Navas,87,22819
2022,9,Sant Andreu,63,Navas,88,19522
2022,9,Sant Andreu,63,Navas,89,19640
2022,9,Sant Andreu,63,Navas,90,19613
2022,9,Sant Andreu,63,Navas,91,20773
2022,9,Sant Andreu,63,Navas,92,21585
2022,9,Sant Andreu,63,Navas,93,21408
2022,9,Sant Andreu,63,Navas,94,21710
2022,9,Sant Andreu,63,Navas,95,21858
2022,9,Sant Andreu,61,la Sagrera,156,18916
2022,10,Sant Martí,64,el Camp de l'Arpa del Clot,1,19175
2022,10,Sant Martí,64,el Camp de l'Arpa del Clot,2,20782
2022,10,Sant Martí,64,el Camp de l'Arpa del Clot,3,21847
2022,10,Sant Martí,64,el Camp de l'Arpa del Clot,4,20833
2022,10,Sant Martí,64,el Camp de l'Arpa del Clot,5,22277
2022,10,Sant Martí,64,el Camp de l'Arpa del Clot,6,24732
2022,10,Sant Martí,64,el Camp de l'Arpa del Clot,7,29749
2022,10,Sant Martí,64,el Camp de l'Arpa del Clot,8,23073
2022,10,Sant Martí,64,el Camp de l'Arpa del Clot,9,22957
2022,10,Sant Martí,64,el Camp de l'Arpa del Clot,10,21364
2022,10,Sant Martí,64,el Camp de l'Arpa del Clot,11,24531
2022,10,Sant Martí,64,el Camp de l'Arpa del Clot,12,23473
2022,10,Sant Martí,64,el Camp de l'Arpa del Clot,13,22785
2022,10,Sant Martí,64,el Camp de l'Arpa del Clot,14,21960
2022,10,Sant Martí,64,el Camp de l'Arpa del Clot,15,22133
2022,10,Sant Martí,64,el Camp de l'Arpa del Clot,16,24066
2022,10,Sant Martí,64,el Camp de l'Arpa del Clot,17,22292
2022,10,Sant Martí,64,el Camp de l'Arpa del Clot,18,20252
2022,10,Sant Martí,64,el Camp de l'Arpa del Clot,19,22051
2022,10,Sant Martí,64,el Camp de l'Arpa del Clot,20,19545
2022,10,Sant Martí,64,el Camp de l'Arpa del Clot,21,19596
2022,10,Sant Martí,64,el Camp de l'Arpa del Clot,22,21849
2022,10,Sant Martí,64,el Camp de l'Arpa del Clot,23,21334
2022,10,Sant Martí,64,el Camp de l'Arpa del Clot,24,22602
2022,10,Sant Martí,64,el Camp de l'Arpa del Clot,25,21159
2022,10,Sant Martí,65,el Clot,26,24087
2022,10,Sant Martí,65,el Clot,27,22136
2022,10,Sant Martí,65,el Clot,28,20935
2022,10,Sant Martí,65,el Clot,29,20668
2022,10,Sant Martí,65,el Clot,30,20814
2022,10,Sant Martí,65,el Clot,31,21391
2022,10,Sant Martí,65,el Clot,32,23883
2022,10,Sant Martí,65,el Clot,33,24747
2022,10,Sant Martí,65,el Clot,34,20664
2022,10,Sant Martí,65,el Clot,35,23849
2022,10,Sant Martí,65,el Clot,36,24704
2022,10,Sant Martí,65,el Clot,37,16553
2022,10,Sant Martí,65,el Clot,38,22572
2022,10,Sant Martí,65,el Clot,39,20269
2022,10,Sant Martí,65,el Clot,40,21370
2022,10,Sant Martí,65,el Clot,41,22314
2022,10,Sant Martí,66,el Parc i la Llacuna del Poblenou,42,19894
2022,10,Sant Martí,66,el Parc i la Llacuna del Poblenou,43,22970
2022,10,Sant Martí,66,el Parc i la Llacuna del Poblenou,44,22907
2022,10,Sant Martí,66,el Parc i la Llacuna del Poblenou,45,25743
2022,10,Sant Martí,66,el Parc i la Llacuna del Poblenou,46,25210
2022,10,Sant Martí,66,el Parc i la Llacuna del Poblenou,47,24891
2022,10,Sant Martí,66,el Parc i la Llacuna del Poblenou,48,26834
2022,10,Sant Martí,66,el Parc i la Llacuna del Poblenou,49,23225
2022,10,Sant Martí,66,el Parc i la Llacuna del Poblenou,50,24829
2022,10,Sant Martí,67,la Vila Olímpica del Poblenou,51,25429
2022,10,Sant Martí,67,la Vila Olímpica del Poblenou,52,36589
2022,10,Sant Martí,67,la Vila Olímpica del Poblenou,53,43365
2022,10,Sant Martí,67,la Vila Olímpica del Poblenou,54,33711
2022,10,Sant Martí,67,la Vila Olímpica del Poblenou,55,38321
2022,10,Sant Martí,68,el Poblenou,56,21716
2022,10,Sant Martí,68,el Poblenou,57,20915
2022,10,Sant Martí,68,el Poblenou,58,20724
2022,10,Sant Martí,68,el Poblenou,59,25824
2022,10,Sant Martí,68,el Poblenou,60,21788
2022,10,Sant Martí,68,el Poblenou,61,25562
2022,10,Sant Martí,68,el Poblenou,62,25865
2022,10,Sant Martí,68,el Poblenou,63,24791
2022,10,Sant Martí,68,el Poblenou,64,25599
2022,10,Sant Martí,68,el Poblenou,65,24501
2022,10,Sant Martí,68,el Poblenou,66,25017
2022,10,Sant Martí,68,el Poblenou,67,33246
2022,10,Sant Martí,68,el Poblenou,68,27299
2022,10,Sant Martí,68,el Poblenou,69,28727
2022,10,Sant Martí,68,el Poblenou,70,22579
2022,10,Sant Martí,68,el Poblenou,71,25650
2022,10,Sant Martí,68,el Poblenou,72,24115
2022,10,Sant Martí,68,el Poblenou,73,20321
2022,10,Sant Martí,68,el Poblenou,74,21205
2022,10,Sant Martí,68,el Poblenou,75,21575
2022,10,Sant Martí,69,Diagonal Mar i el Front Marítim del Poblenou,76,25756
2022,10,Sant Martí,69,Diagonal Mar i el Front Marítim del Poblenou,77,30302
2022,10,Sant Martí,69,Diagonal Mar i el Front Marítim del Poblenou,78,31377
2022,10,Sant Martí,69,Diagonal Mar i el Front Marítim del Poblenou,79,25312
2022,10,Sant Martí,69,Diagonal Mar i el Front Marítim del Poblenou,80,39237
2022,10,Sant Martí,70,el Besòs i el Maresme,81,16051
2022,10,Sant Martí,70,el Besòs i el Maresme,82,9306
2022,10,Sant Martí,70,el Besòs i el Maresme,83,8411
2022,10,Sant Martí,70,el Besòs i el Maresme,84,11274
2022,10,Sant Martí,70,el Besòs i el Maresme,85,10446
2022,10,Sant Martí,70,el Besòs i el Maresme,86,12540
2022,10,Sant Martí,70,el Besòs i el Maresme,87,12213
2022,10,Sant Martí,70,el Besòs i el Maresme,88,17836
2022,10,Sant Martí,70,el Besòs i el Maresme,89,12464
2022,10,Sant Martí,70,el Besòs i el Maresme,90,14414
2022,10,Sant Martí,70,el Besòs i el Maresme,91,16492
2022,10,Sant Martí,70,el Besòs i el Maresme,92,19970
2022,10,Sant Martí,70,el Besòs i el Maresme,93,21559
2022,10,Sant Martí,71,Provençals del Poblenou,94,23521
2022,10,Sant Martí,71,Provençals del Poblenou,95,18586
2022,10,Sant Martí,71,Provençals del Poblenou,96,24881
2022,10,Sant Martí,71,Provençals del Poblenou,97,25414
2022,10,Sant Martí,71,Provençals del Poblenou,98,22994
2022,10,Sant Martí,71,Provençals del Poblenou,99,15358
2022,10,Sant Martí,71,Provençals del Poblenou,100,17979
2022,10,Sant Martí,71,Provençals del Poblenou,101,18795
2022,10,Sant Martí,71,Provençals del Poblenou,102,17415
2022,10,Sant Martí,71,Provençals del Poblenou,103,19529
2022,10,Sant Martí,71,Provençals del Poblenou,104,22536
2022,10,Sant Martí,72,Sant Martí de Provençals,105,20175
2022,10,Sant Martí,72,Sant Martí de Provençals,106,19622
2022,10,Sant Martí,72,Sant Martí de Provençals,107,24372
2022,10,Sant Martí,72,Sant Martí de Provençals,108,19016
2022,10,Sant Martí,72,Sant Martí de Provençals,109,17651
2022,10,Sant Martí,72,Sant Martí de Provençals,110,17443
2022,10,Sant Martí,72,Sant Martí de Provençals,111,18872
2022,10,Sant Martí,72,Sant Martí de Provençals,112,23304
2022,10,Sant Martí,72,Sant Martí de Provençals,113,18774
2022,10,Sant Martí,72,Sant Martí de Provençals,114,15383
2022,10,Sant Martí,72,Sant Martí de Provençals,115,17005
2022,10,Sant Martí,72,Sant Martí de Provençals,116,16518
2022,10,Sant Martí,72,Sant Martí de Provençals,117,18306
2022,10,Sant Martí,72,Sant Martí de Provençals,118,23447
2022,10,Sant Martí,72,Sant Martí de Provençals,119,16371
2022,10,Sant Martí,72,Sant Martí de Provençals,120,17387
2022,10,Sant Martí,72,Sant Martí de Provençals,121,16923
2022,10,Sant Martí,72,Sant Martí de Provençals,122,21756
2022,10,Sant Martí,73,la Verneda i la Pau,123,19241
2022,10,Sant Martí,73,la Verneda i la Pau,124,19857
2022,10,Sant Martí,73,la Verneda i la Pau,125,17171
2022,10,Sant Martí,73,la Verneda i la Pau,126,18697
2022,10,Sant Martí,73,la Verneda i la Pau,127,20440
2022,10,Sant Martí,73,la Verneda i la Pau,128,20793
2022,10,Sant Martí,73,la Verneda i la Pau,129,20354
2022,10,Sant Martí,73,la Verneda i la Pau,130,19107
2022,10,Sant Martí,73,la Verneda i la Pau,131,22828
2022,10,Sant Martí,73,la Verneda i la Pau,132,16611
2022,10,Sant Martí,73,la Verneda i la Pau,133,16198
2022,10,Sant Martí,73,la Verneda i la Pau,134,16332
2022,10,Sant Martí,73,la Verneda i la Pau,135,16776
2022,10,Sant Martí,73,la Verneda i la Pau,136,16585
2022,10,Sant Martí,73,la Verneda i la Pau,137,14903
2022,10,Sant Martí,73,la Verneda i la Pau,138,12765
2022,10,Sant Martí,73,la Verneda i la Pau,139,14602
2022,10,Sant Martí,73,la Verneda i la Pau,140,14617
2022,10,Sant Martí,73,la Verneda i la Pau,141,15149
2022,10,Sant Martí,73,la Verneda i la Pau,142,14059
2022,10,Sant Martí,73,la Verneda i la Pau,143,15366
2022,10,Sant Martí,65,el Clot,234,20545
2022,10,Sant Martí,69,Diagonal Mar i el Front Marítim del Poblenou,235,17770
2022,10,Sant Martí,69,Diagonal Mar i el Front Marítim del Poblenou,236,18651
2022,10,Sant Martí,71,Provençals del Poblenou,237,16521
