anyo;cod_barrio;nom_barrio;total_VUTs;plazas_VUTs;poblacion_total;pct_extranjeros;pct_universitarios;precio_alquiler_m2;num_locales_activos;renta_bruta_media;num_contratos
2014;1;el Raval;0;0;0;0,0;0,0;10,475000000000001;2297;0,0;1583
2014;2;el Barri Gòtic;0;0;0;0,0;0,0;10,55;1936;0,0;630
2014;3;la Barceloneta;0;0;0;0,0;0,0;15,125;639;0,0;566
2014;4;Sant Pere, Santa Caterina i la Ribera;0;0;0;0,0;0,0;11,225;1680;0,0;982
2014;5;el Fort Pienc;0;0;0;0,0;0,0;9,975;938;0,0;910
2014;6;la Sagrada Família;0;0;0;0,0;0,0;10,475;2030;0,0;1461
2014;7;la Dreta de l'Eixample;0;0;0;0,0;0,0;10,075;3677;0,0;1430
2014;8;l'Antiga Esquerra de l'Eixample;0;0;0;0,0;0,0;10,525;2560;0,0;1614
2014;9;la Nova Esquerra de l'Eixample;0;0;0;0,0;0,0;10,425;2098;0,0;1794
2014;10;Sant Antoni;0;0;0;0,0;0,0;10,025;1810;0,0;1165
2014;11;el Poble-sec;0;0;0;0,0;0,0;0,0;1229;0,0;1109
2014;12;la Marina del Prat Vermell;0;0;0;0,0;0,0;0,0;49;0,0;4
2014;13;la Marina de Port;0;0;0;0,0;0,0;8,05;524;0,0;392
2014;14;la Font de la Guatlla;0;0;0;0,0;0,0;10,6;208;0,0;263
2014;15;Hostafrancs;0;0;0;0,0;0,0;10,25;449;0,0;489
2014;16;la Bordeta;0;0;0;0,0;0,0;9,35;411;0,0;372
2014;17;Sants - Badal;0;0;0;0,0;0,0;9,95;523;0,0;666
2014;18;Sants;0;0;0;0,0;0,0;10,1;1204;0,0;1230
2014;19;les Corts;0;0;0;0,0;0,0;11,075;1765;0,0;1013
2014;20;la Maternitat i Sant Ramon;0;0;0;0,0;0,0;10,325;660;0,0;501
2014;21;Pedralbes;0;0;0;0,0;0,0;12,45;283;0,0;199
2014;22;Vallvidrera, el Tibidabo i les Planes;0;0;0;0,0;0,0;9,725;65;0,0;44
2014;23;Sarrià;0;0;0;0,0;0,0;13,5;744;0,0;516
2014;24;les Tres Torres;0;0;0;0,0;0,0;13,575;361;0,0;309
2014;25;Sant Gervasi - la Bonanova;0;0;0;0,0;0,0;11,575;1027;0,0;663
2014;26;Sant Gervasi - Galvany;0;0;0;0,0;0,0;11,7;2663;0,0;1340
2014;27;el Putxet i el Farró;0;0;0;0,0;0,0;11,025;901;0,0;938
2014;28;Vallcarca i els Penitents;0;0;0;0,0;0,0;10,274999999999999;350;0,0;394
2014;29;el Coll;0;0;0;0,0;0,0;9,525;96;0,0;174
2014;30;la Salut;0;0;0;0,0;0,0;9,925;378;0,0;311
2014;31;la Vila de Gràcia;0;0;0;0,0;0,0;11,25;3196;0,0;2224
2014;32;el Camp d'en Grassot i Gràcia Nova;0;0;0;0,0;0,0;10,4;1299;0,0;937
2014;33;el Baix Guinardó;0;0;0;0,0;0,0;9,55;833;0,0;601
2014;34;Can Baró;0;0;0;0,0;0,0;9,45;140;0,0;213
2014;35;el Guinardó;0;0;0;0,0;0,0;9,2;1188;0,0;918
2014;36;la Font d'en Fargues;0;0;0;0,0;0,0;9,25;135;0,0;93
2014;37;el Carmel;0;0;0;0,0;0,0;8,65;625;0,0;637
2014;38;la Teixonera;0;0;0;0,0;0,0;8,35;182;0,0;242
2014;39;Sant Genís dels Agudells;0;0;0;0,0;0,0;7,75;102;0,0;170
2014;40;Montbau;0;0;0;0,0;0,0;9,3;111;0,0;70
2014;41;la Vall d'Hebron;0;0;0;0,0;0,0;10,05;104;0,0;49
2014;42;la Clota;0;0;0;0,0;0,0;0,0;6;0,0;8
2014;43;Horta;0;0;0;0,0;0,0;8,95;695;0,0;444
2014;44;Vilapicina i la Torre Llobeta;0;0;0;0,0;0,0;8,825;896;0,0;446
2014;45;Porta;0;0;0;0,0;0,0;8,65;662;0,0;521
2014;46;el Turó de la Peira;0;0;0;0,0;0,0;7,8;336;0,0;303
2014;47;Can Peguera;0;0;0;0,0;0,0;5,366666666666667;21;0,0;33
2014;48;la Guineueta;0;0;0;0,0;0,0;8,225;371;0,0;237
2014;49;Canyelles;0;0;0;0,0;0,0;6,875;97;0,0;39
2014;50;les Roquetes;0;0;0;0,0;0,0;8,35;249;0,0;272
2014;51;Verdun;0;0;0;0,0;0,0;9,2;475;0,0;232
2014;52;la Prosperitat;0;0;0;0,0;0,0;8,9;728;0,0;491
2014;53;la Trinitat Nova;0;0;0;0,0;0,0;8,5;41;0,0;124
2014;54;Torre Baró;0;0;0;0,0;0,0;9,1;21;0,0;28
2014;55;Ciutat Meridiana;0;0;0;0,0;0,0;6,425000000000001;95;0,0;146
2014;56;Vallbona;0;0;0;0,0;0,0;0,0;8;0,0;8
2014;57;la Trinitat Vella;0;0;0;0,0;0,0;6,975;133;0,0;166
2014;58;Baró de Viver;0;0;0;0,0;0,0;4,0;21;0,0;28
2014;59;el Bon Pastor;0;0;0;0,0;0,0;8,075;209;0,0;159
2014;60;Sant Andreu;0;0;0;0,0;0,0;0,0;1725;0,0;1038
2014;61;la Sagrera;0;0;0;0,0;0,0;9,100000000000001;721;0,0;618
2014;62;el Congrés i els Indians;0;0;0;0,0;0,0;9,225;547;0,0;284
2014;63;Navas;0;0;0;0,0;0,0;8,899999999999999;489;0,0;435
2014;64;el Camp de l'Arpa del Clot;0;0;0;0,0;0,0;9,75;1233;0,0;1059
2014;65;el Clot;0;0;0;0,0;0,0;9,65;718;0,0;581
2014;66;el Parc i la Llacuna del Poblenou;0;0;0;0,0;0,0;10,225;652;0,0;305
2014;67;la Vila Olímpica del Poblenou;0;0;0;0,0;0,0;13,175;279;0,0;153
2014;68;el Poblenou;0;0;0;0,0;0,0;10,6;1325;0,0;781
2014;69;Diagonal Mar i el Front Marítim del Poblenou;0;0;0;0,0;0,0;11,375;263;0,0;182
2014;70;el Besòs i el Maresme;0;0;0;0,0;0,0;7,8;435;0,0;347
2014;71;Provençals del Poblenou;0;0;0;0,0;0,0;9,65;598;0,0;305
2014;72;Sant Martí de Provençals;0;0;0;0,0;0,0;8,875;620;0,0;362
2014;73;la Verneda i la Pau;0;0;0;0,0;0,0;8,3;680;0,0;317
2015;1;el Raval;0;0;0;0,0;0,0;11,075;0;9950,14;1484
2015;2;el Barri Gòtic;0;0;0;0,0;0,0;11,225;0;14118,44;684
2015;3;la Barceloneta;0;0;0;0,0;0,0;16,375;0;12745,09;703
2015;4;Sant Pere, Santa Caterina i la Ribera;0;0;0;0,0;0,0;12,675;0;14595,08;1014
2015;5;el Fort Pienc;0;0;0;0,0;0,0;10,875;0;19182,3;806
2015;6;la Sagrada Família;0;0;0;0,0;0,0;11,075;0;18995,38;1456
2015;7;la Dreta de l'Eixample;0;0;0;0,0;0,0;11,25;0;26377,17;1422
2015;8;l'Antiga Esquerra de l'Eixample;0;0;0;0,0;0,0;11,325;0;23351,54;1506
2015;9;la Nova Esquerra de l'Eixample;0;0;0;0,0;0,0;11,225;0;21685,62;1727
2015;10;Sant Antoni;0;0;0;0,0;0,0;10,925;0;18631,71;1083
2015;11;el Poble-sec;0;0;0;0,0;0,0;0,0;0;13039,04;1009
2015;12;la Marina del Prat Vermell;0;0;0;0,0;0,0;0,0;0;10176,0;21
2015;13;la Marina de Port;0;0;0;0,0;0,0;8,3;0;13490,88;354
2015;14;la Font de la Guatlla;0;0;0;0,0;0,0;11,325;0;17025,29;202
2015;15;Hostafrancs;0;0;0;0,0;0,0;11,075;0;16197,2;454
2015;16;la Bordeta;0;0;0;0,0;0,0;9,825;0;16116,69;307
2015;17;Sants - Badal;0;0;0;0,0;0,0;10,675;0;16243,44;634
2015;18;Sants;0;0;0;0,0;0,0;10,975;0;17925,03;1068
2015;19;les Corts;0;0;0;0,0;0,0;11,8;0;24913,86;988
2015;20;la Maternitat i Sant Ramon;0;0;0;0,0;0,0;11,3;0;22275,13;517
2015;21;Pedralbes;0;0;0;0,0;0,0;14,05;0;36129,14;195
2015;22;Vallvidrera, el Tibidabo i les Planes;0;0;0;0,0;0,0;12,275;0;24534,67;52
2015;23;Sarrià;0;0;0;0,0;0,0;14,5;0;32020,75;507
2015;24;les Tres Torres;0;0;0;0,0;0,0;13,875;0;37685,64;297
2015;25;Sant Gervasi - la Bonanova;0;0;0;0,0;0,0;12,725;0;32035,22;732
2015;26;Sant Gervasi - Galvany;0;0;0;0,0;0,0;12,65;0;33377,84;1265
2015;27;el Putxet i el Farró;0;0;0;0,0;0,0;12,325;0;25382,37;1016
2015;28;Vallcarca i els Penitents;0;0;0;0,0;0,0;11,5;0;23958,82;417
2015;29;el Coll;0;0;0;0,0;0,0;9,9;0;16650,2;162
2015;30;la Salut;0;0;0;0,0;0,0;11,25;0;21566,1;284
2015;31;la Vila de Gràcia;0;0;0;0,0;0,0;12,3;0;19265,33;2105
2015;32;el Camp d'en Grassot i Gràcia Nova;0;0;0;0,0;0,0;11,3;0;20915,36;941
2015;33;el Baix Guinardó;0;0;0;0,0;0,0;10,5;0;18070,95;605
2015;34;Can Baró;0;0;0;0,0;0,0;9,925;0;16437,0;211
2015;35;el Guinardó;0;0;0;0,0;0,0;10,35;0;17430,56;808
2015;36;la Font d'en Fargues;0;0;0;0,0;0,0;11,025;0;21203,29;110
2015;37;el Carmel;0;0;0;0,0;0,0;9,125;0;12069,77;559
2015;38;la Teixonera;0;0;0;0,0;0,0;9,6;0;13587,12;254
2015;39;Sant Genís dels Agudells;0;0;0;0,0;0,0;8,225;0;15147,0;146
2015;40;Montbau;0;0;0;0,0;0,0;10,075;0;16614,25;104
2015;41;la Vall d'Hebron;0;0;0;0,0;0,0;10,1;0;18652,75;62
2015;42;la Clota;0;0;0;0,0;0,0;8,4;0;14838,0;12
2015;43;Horta;0;0;0;0,0;0,0;9,475;0;16767,05;427
2015;44;Vilapicina i la Torre Llobeta;0;0;0;0,0;0,0;9,325;0;16005,58;395
2015;45;Porta;0;0;0;0,0;0,0;9,075;0;14240,83;490
2015;46;el Turó de la Peira;0;0;0;0,0;0,0;8,299999999999999;0;11668,8;259
2015;47;Can Peguera;0;0;0;0,0;0,0;0,0;0;10037,5;11
2015;48;la Guineueta;0;0;0;0,0;0,0;8,2;0;15688,18;188
2015;49;Canyelles;0;0;0;0,0;0,0;7,433333333333334;0;14766,0;21
2015;50;les Roquetes;0;0;0;0,0;0,0;8,75;0;10386,9;248
2015;51;Verdun;0;0;0;0,0;0,0;9,275;0;11263,5;236
2015;52;la Prosperitat;0;0;0;0,0;0,0;9,65;0;12743,4;463
2015;53;la Trinitat Nova;0;0;0;0,0;0,0;8,775;0;9327,0;113
2015;54;Torre Baró;0;0;0;0,0;0,0;6,25;0;8510,0;21
2015;55;Ciutat Meridiana;0;0;0;0,0;0,0;6,625;0;8591,17;115
2015;56;Vallbona;0;0;0;0,0;0,0;5,9;0;9295,0;12
2015;57;la Trinitat Vella;0;0;0;0,0;0,0;8,0;0;9857,8;143
2015;58;Baró de Viver;0;0;0;0,0;0,0;4,766666666666667;0;8980,0;25
2015;59;el Bon Pastor;0;0;0;0,0;0,0;8,775;0;12449,86;173
2015;60;Sant Andreu;0;0;0;0,0;0,0;0,0;0;17549,28;934
2015;61;la Sagrera;0;0;0;0,0;0,0;9,75;0;16303,45;577
2015;62;el Congrés i els Indians;0;0;0;0,0;0,0;9,475;0;16157,33;240
2015;63;Navas;0;0;0;0,0;0,0;9,775;0;16588,62;449
2015;64;el Camp de l'Arpa del Clot;0;0;0;0,0;0,0;10,575;0;17321,12;1020
2015;65;el Clot;0;0;0;0,0;0,0;10,275;0;16824,0;553
2015;66;el Parc i la Llacuna del Poblenou;0;0;0;0,0;0,0;11,4;0;18127,56;269
2015;67;la Vila Olímpica del Poblenou;0;0;0;0,0;0,0;14,075;0;29141,0;165
2015;68;el Poblenou;0;0;0;0,0;0,0;11,725;0;17959,0;720
2015;69;Diagonal Mar i el Front Marítim del Poblenou;0;0;0;0,0;0,0;12,275;0;20526,29;234
2015;70;el Besòs i el Maresme;0;0;0;0,0;0,0;8,4;0;10901,77;273
2015;71;Provençals del Poblenou;0;0;0;0,0;0,0;9,975;0;15648,25;304
2015;72;Sant Martí de Provençals;0;0;0;0,0;0,0;9,425;0;15257,0;349
2015;73;la Verneda i la Pau;0;0;0;0,0;0,0;9,1;0;13831,52;328
2016;1;el Raval;0;0;0;0,0;0,0;12,275;2355;10226,48;1733
2016;2;el Barri Gòtic;0;0;0;0,0;0,0;13,025;1802;14445,56;785
2016;3;la Barceloneta;0;0;0;0,0;0,0;18,2;545;13178,27;789
2016;4;Sant Pere, Santa Caterina i la Ribera;0;0;0;0,0;0,0;14,05;1520;15176,54;1177
2016;5;el Fort Pienc;0;0;0;0,0;0,0;11,725;1335;19654,25;870
2016;6;la Sagrada Família;0;0;0;0,0;0,0;12,2;2299;19436,85;1485
2016;7;la Dreta de l'Eixample;0;0;0;0,0;0,0;12,8;3944;27535,0;1611
2016;8;l'Antiga Esquerra de l'Eixample;0;0;0;0,0;0,0;12,675;2779;24038,04;1625
2016;9;la Nova Esquerra de l'Eixample;0;0;0;0,0;0,0;12,35;2081;22205,48;1766
2016;10;Sant Antoni;0;0;0;0,0;0,0;12,05;1930;19250,88;1100
2016;11;el Poble-sec;0;0;0;0,0;0,0;0,0;1108;13446,17;1150
2016;12;la Marina del Prat Vermell;0;0;0;0,0;0,0;0,0;188;10647,0;10
2016;13;la Marina de Port;0;0;0;0,0;0,0;8,924999999999999;558;13873,24;380
2016;14;la Font de la Guatlla;0;0;0;0,0;0,0;12,0;189;17302,0;263
2016;15;Hostafrancs;0;0;0;0,0;0,0;12,125;807;16628,8;435
2016;16;la Bordeta;0;0;0;0,0;0,0;10,85;400;16610,69;268
2016;17;Sants - Badal;0;0;0;0,0;0,0;11,725;661;16142,81;609
2016;18;Sants;0;0;0;0,0;0,0;11,85;1602;18439,0;1170
2016;19;les Corts;0;0;0;0,0;0,0;12,975;1956;26004,71;1109
2016;20;la Maternitat i Sant Ramon;0;0;0;0,0;0,0;12,875;655;23014,53;549
2016;21;Pedralbes;0;0;0;0,0;0,0;14,675;251;37804,86;189
2016;22;Vallvidrera, el Tibidabo i les Planes;0;0;0;0,0;0,0;15,3;50;25693,67;66
2016;23;Sarrià;0;0;0;0,0;0,0;15,975000000000001;863;33069,38;585
2016;24;les Tres Torres;0;0;0;0,0;0,0;15,674999999999999;399;39586,0;330
2016;25;Sant Gervasi - la Bonanova;0;0;0;0,0;0,0;14,2;956;33697,44;727
2016;26;Sant Gervasi - Galvany;0;0;0;0,0;0,0;13,75;2615;34731,23;1395
2016;27;el Putxet i el Farró;0;0;0;0,0;0,0;13,75;888;26551,0;1004
2016;28;Vallcarca i els Penitents;0;0;0;0,0;0,0;12,6;368;23755,91;459
2016;29;el Coll;0;0;0;0,0;0,0;11,225;102;17034,8;198
2016;30;la Salut;0;0;0;0,0;0,0;12,1;382;21910,0;300
2016;31;la Vila de Gràcia;0;0;0;0,0;0,0;13,45;3300;19812,28;2191
2016;32;el Camp d'en Grassot i Gràcia Nova;0;0;0;0,0;0,0;12,450000000000001;1299;21528,6;903
2016;33;el Baix Guinardó;0;0;0;0,0;0,0;11,450000000000001;658;18396,95;609
2016;34;Can Baró;0;0;0;0,0;0,0;11,45;142;16829,14;207
2016;35;el Guinardó;0;0;0;0,0;0,0;11,125;1040;17864,08;889
2016;36;la Font d'en Fargues;0;0;0;0,0;0,0;12,075;114;22263,71;123
2016;37;el Carmel;0;0;0;0,0;0,0;9,825;757;12465,91;613
2016;38;la Teixonera;0;0;0;0,0;0,0;10,1;206;14041,62;311
2016;39;Sant Genís dels Agudells;0;0;0;0,0;0,0;8,7;89;15221,8;164
2016;40;Montbau;0;0;0;0,0;0,0;10,149999999999999;98;16750,0;141
2016;41;la Vall d'Hebron;0;0;0;0,0;0,0;11,15;109;19386,25;77
2016;42;la Clota;0;0;0;0,0;0,0;0,0;15;16687,0;15
2016;43;Horta;0;0;0;0,0;0,0;10,625;1115;17244,29;505
2016;44;Vilapicina i la Torre Llobeta;0;0;0;0,0;0,0;10,525;911;16326,05;450
2016;45;Porta;0;0;0;0,0;0,0;10,05;773;14490,78;489
2016;46;el Turó de la Peira;0;0;0;0,0;0,0;9,425;428;11985,3;300
2016;47;Can Peguera;0;0;0;0,0;0,0;10,5;21;10534,0;18
2016;48;la Guineueta;0;0;0;0,0;0,0;8,775;335;15989,0;241
2016;49;Canyelles;0;0;0;0,0;0,0;8,05;115;15313,6;38
2016;50;les Roquetes;0;0;0;0,0;0,0;9,375;335;10647,7;264
2016;51;Verdun;0;0;0;0,0;0,0;10,1;413;11510,62;232
2016;52;la Prosperitat;0;0;0;0,0;0,0;10,225;773;12934,7;473
2016;53;la Trinitat Nova;0;0;0;0,0;0,0;8,649999999999999;87;9739,4;116
2016;54;Torre Baró;0;0;0;0,0;0,0;7,833333333333333;21;8714,0;29
2016;55;Ciutat Meridiana;0;0;0;0,0;0,0;6,875;146;8588,0;122
2016;56;Vallbona;0;0;0;0,0;0,0;7,1;22;9551,0;16
2016;57;la Trinitat Vella;0;0;0;0,0;0,0;8,475;166;10221,4;162
2016;58;Baró de Viver;0;0;0;0,0;0,0;3,5;40;9528,5;18
2016;59;el Bon Pastor;0;0;0;0,0;0,0;8,774999999999999;686;12835,29;159
2016;60;Sant Andreu;0;0;0;0,0;0,0;0,0;1692;17989,0;961
2016;61;la Sagrera;0;0;0;0,0;0,0;10,475;662;16765,6;535
2016;62;el Congrés i els Indians;0;0;0;0,0;0,0;10,425;485;16523,56;237
2016;63;Navas;0;0;0;0,0;0,0;10,775;510;17169,62;373
2016;64;el Camp de l'Arpa del Clot;0;0;0;0,0;0,0;11,675;1243;17855,68;1034
2016;65;el Clot;0;0;0;0,0;0,0;11,175;766;17365,59;525
2016;66;el Parc i la Llacuna del Poblenou;0;0;0;0,0;0,0;12,7;642;18631,22;309
2016;67;la Vila Olímpica del Poblenou;0;0;0;0,0;0,0;16,175;399;29254,0;173
2016;68;el Poblenou;0;0;0;0,0;0,0;12,775;1338;18456,05;839
2016;69;Diagonal Mar i el Front Marítim del Poblenou;0;0;0;0,0;0,0;14,275;417;21220,14;337
2016;70;el Besòs i el Maresme;0;0;0;0,0;0,0;8,775;462;11208,08;251
2016;71;Provençals del Poblenou;0;0;0;0,0;0,0;11,799999999999999;485;16362,33;362
2016;72;Sant Martí de Provençals;0;0;0;0,0;0,0;10,0;658;15618,67;377
2016;73;la Verneda i la Pau;0;0;0;0,0;0,0;9,15;704;14220,1;303
2017;1;el Raval;0;0;0;0,0;0,0;13,9;0;10834,05;2003
2017;2;el Barri Gòtic;0;0;0;0,0;0,0;14,175;0;15350,44;808
2017;3;la Barceloneta;0;0;0;0,0;0,0;19,85;0;13831,0;857
2017;4;Sant Pere, Santa Caterina i la Ribera;0;0;0;0,0;0,0;15,725;0;16026,92;1309
2017;5;el Fort Pienc;0;0;0;0,0;0,0;13,075;0;20499,45;1054
2017;6;la Sagrada Família;0;0;0;0,0;0,0;13,3;0;20013,15;1756
2017;7;la Dreta de l'Eixample;0;0;0;0,0;0,0;13,5;0;28388,1;1871
2017;8;l'Antiga Esquerra de l'Eixample;0;0;0;0,0;0,0;13,675;0;25119,08;1928
2017;9;la Nova Esquerra de l'Eixample;0;0;0;0,0;0,0;13,5;0;22936,6;2064
2017;10;Sant Antoni;0;0;0;0,0;0,0;12,975;0;19925,33;1351
2017;11;el Poble-sec;0;0;0;0,0;0,0;0,0;0;14070,54;1211
2017;12;la Marina del Prat Vermell;0;0;0;0,0;0,0;0,0;0;11299,0;4
2017;13;la Marina de Port;0;0;0;0,0;0,0;10,35;0;14217,41;402
2017;14;la Font de la Guatlla;0;0;0;0,0;0,0;12,95;0;18134,57;277
2017;15;Hostafrancs;0;0;0;0,0;0,0;12,85;0;17182,6;566
2017;16;la Bordeta;0;0;0;0,0;0,0;11,925;0;17223,62;420
2017;17;Sants - Badal;0;0;0;0,0;0,0;13,15;0;16613,44;651
2017;18;Sants;0;0;0;0,0;0,0;13,15;0;18968,48;1399
2017;19;les Corts;0;0;0;0,0;0,0;14,274999999999999;0;26558,66;1323
2017;20;la Maternitat i Sant Ramon;0;0;0;0,0;0,0;13,35;0;23537,93;612
2017;21;Pedralbes;0;0;0;0,0;0,0;16,125;0;38892,57;196
2017;22;Vallvidrera, el Tibidabo i les Planes;0;0;0;0,0;0,0;16,675;0;26301,33;69
2017;23;Sarrià;0;0;0;0,0;0,0;17,45;0;34629,31;681
2017;24;les Tres Torres;0;0;0;0,0;0,0;16,85;0;40946,82;336
2017;25;Sant Gervasi - la Bonanova;0;0;0;0,0;0,0;15,325;0;35277,61;802
2017;26;Sant Gervasi - Galvany;0;0;0;0,0;0,0;14,6;0;36166,94;1530
2017;27;el Putxet i el Farró;0;0;0;0,0;0,0;14,825;0;27341,11;1198
2017;28;Vallcarca i els Penitents;0;0;0;0,0;0,0;14,125;0;23899,0;552
2017;29;el Coll;0;0;0;0,0;0,0;12,425;0;17621,8;193
2017;30;la Salut;0;0;0;0,0;0,0;12,425;0;22681,0;406
2017;31;la Vila de Gràcia;0;0;0;0,0;0,0;15,025;0;20746,14;2570
2017;32;el Camp d'en Grassot i Gràcia Nova;0;0;0;0,0;0,0;13,55;0;22376,04;1129
2017;33;el Baix Guinardó;0;0;0;0,0;0,0;12,6;0;18822,16;746
2017;34;Can Baró;0;0;0;0,0;0,0;12,4;0;17356,71;269
2017;35;el Guinardó;0;0;0;0,0;0,0;12,3;0;18313,56;1061
2017;36;la Font d'en Fargues;0;0;0;0,0;0,0;13,15;0;22366,14;128
2017;37;el Carmel;0;0;0;0,0;0,0;11,0;0;12762,32;715
2017;38;la Teixonera;0;0;0;0,0;0,0;11,15;0;14399,25;301
2017;39;Sant Genís dels Agudells;0;0;0;0,0;0,0;9,5;0;15686,0;170
2017;40;Montbau;0;0;0;0,0;0,0;12,525;0;17010,5;141
2017;41;la Vall d'Hebron;0;0;0;0,0;0,0;12,025;0;19869,0;76
2017;42;la Clota;0;0;0;0,0;0,0;0,0;0;16165,0;8
2017;43;Horta;0;0;0;0,0;0,0;11,65;0;17880,52;582
2017;44;Vilapicina i la Torre Llobeta;0;0;0;0,0;0,0;11,35;0;16599,16;585
2017;45;Porta;0;0;0;0,0;0,0;10,775;0;14671,0;557
2017;46;el Turó de la Peira;0;0;0;0,0;0,0;10,575;0;12176,2;349
2017;47;Can Peguera;0;0;0;0,0;0,0;11,7;0;10678,5;14
2017;48;la Guineueta;0;0;0;0,0;0,0;9,325;0;16400,27;287
2017;49;Canyelles;0;0;0;0,0;0,0;8,625;0;15392,6;47
2017;50;les Roquetes;0;0;0;0,0;0,0;10,15;0;10967,1;285
2017;51;Verdun;0;0;0;0,0;0,0;11,1;0;11770,88;241
2017;52;la Prosperitat;0;0;0;0,0;0,0;11,25;0;13245,2;487
2017;53;la Trinitat Nova;0;0;0;0,0;0,0;10,6;0;10068,4;121
2017;54;Torre Baró;0;0;0;0,0;0,0;7,1000000000000005;0;9125,5;30
2017;55;Ciutat Meridiana;0;0;0;0,0;0,0;7,575;0;8718,83;127
2017;56;Vallbona;0;0;0;0,0;0,0;4,5;0;9757,0;16
2017;57;la Trinitat Vella;0;0;0;0,0;0,0;9,2;0;10418,8;174
2017;58;Baró de Viver;0;0;0;0,0;0,0;0,0;0;9753,5;11
2017;59;el Bon Pastor;0;0;0;0,0;0,0;9,425;0;13192,43;167
2017;60;Sant Andreu;0;0;0;0,0;0,0;0,0;0;18391,49;1126
2017;61;la Sagrera;0;0;0;0,0;0,0;10,8;0;17209,3;669
2017;62;el Congrés i els Indians;0;0;0;0,0;0,0;11,375;0;16984,44;309
2017;63;Navas;0;0;0;0,0;0,0;11,425;0;17571,69;526
2017;64;el Camp de l'Arpa del Clot;0;0;0;0,0;0,0;12,950000000000001;0;18220,24;1239
2017;65;el Clot;0;0;0;0,0;0,0;12,45;0;17740,88;672
2017;66;el Parc i la Llacuna del Poblenou;0;0;0;0,0;0,0;13,775;0;19388,44;368
2017;67;la Vila Olímpica del Poblenou;0;0;0;0,0;0,0;17,125;0;29862,0;219
2017;68;el Poblenou;0;0;0;0,0;0,0;13,95;0;19217,8;973
2017;69;Diagonal Mar i el Front Marítim del Poblenou;0;0;0;0,0;0,0;16,05;0;22508,0;394
2017;70;el Besòs i el Maresme;0;0;0;0,0;0,0;9,95;0;11462,92;354
2017;71;Provençals del Poblenou;0;0;0;0,0;0,0;12,975;0;16919,08;427
2017;72;Sant Martí de Provençals;0;0;0;0,0;0,0;10,875;0;16065,17;454
2017;73;la Verneda i la Pau;0;0;0;0,0;0,0;10,175;0;14427,24;373
2018;1;el Raval;179;0;47500;58,69684210526316;25,754179053560115;14,0;0;11238,1;1918
2018;2;el Barri Gòtic;196;0;17025;56,50513950073422;38,029708700405116;13,775;0;15882,44;967
2018;3;la Barceloneta;66;0;14889;41,58103297736584;28,64829009433962;16,925;0;14431,09;415
2018;4;Sant Pere, Santa Caterina i la Ribera;0;0;22598;49,23444552615276;40,67696254995806;15,024999999999999;0;16840,31;1307
2018;5;el Fort Pienc;331;0;32155;28,154252837816824;39,08045977011494;13,125;0;21270,55;1191
2018;6;la Sagrada Família;769;0;51651;27,19986060289249;37,61363884104733;13,7;0;20864,97;2002
2018;7;la Dreta de l'Eixample;1670;0;43826;27,401542463377904;51,35290731145653;13,95;0;29393,66;2212
2018;8;l'Antiga Esquerra de l'Eixample;708;0;42519;28,21797314141913;47,82052307446213;14,05;0;26336,88;2192
2018;9;la Nova Esquerra de l'Eixample;423;0;58247;25,194430614452244;42,77573173095561;13,9;0;24023,65;2404
2018;10;Sant Antoni;589;0;38343;28,607568526197742;36,36896561831345;13,175;0;20493,08;1512
2018;11;el Poble-sec;517;0;39798;39,66279712548369;27,070984737851845;0,0;0;14590,08;1471
2018;12;la Marina del Prat Vermell;3;0;1161;13,178294573643413;6,087824351297405;0,0;0;11622,0;3
2018;13;la Marina de Port;7;0;30732;21,824157230248602;15,222027572549319;10,575;0;14734,35;463
2018;14;la Font de la Guatlla;73;0;10304;26,34899068322981;30,530104712041883;12,35;0;18791,71;365
2018;15;Hostafrancs;177;0;15966;29,54403106601528;31,41249376736235;13,525;0;17755,9;646
2018;16;la Bordeta;44;0;18830;19,665427509293682;23,884673748103186;12,125;0;17804,85;450
2018;17;Sants - Badal;106;0;24013;24,923999500270686;26,126508295625943;13,025;0;17454,88;781
2018;18;Sants;245;0;41368;23,90978534132663;32,75686112260378;13,125;0;19900,24;1590
2018;19;les Corts;209;0;46138;16,197060990940223;43,36175092232526;14,8;0;27754,31;1436
2018;20;la Maternitat i Sant Ramon;46;0;23983;17,091272985031065;38,85451144049504;13,575;0;24543,73;688
2018;21;Pedralbes;11;0;12043;22,809931080295605;52,34704112337011;15,7;0;41812,86;233
2018;22;Vallvidrera, el Tibidabo i les Planes;0;0;4710;18,259023354564754;42,29133439659755;12,075;0;28890,33;96
2018;23;Sarrià;27;0;25099;17,06442487748516;50,51597294228015;17,175;0;37605,19;812
2018;24;les Tres Torres;35;0;16712;13,499281953087602;53,00768548625481;16,425;0;44296,91;421
2018;25;Sant Gervasi - la Bonanova;32;0;25887;15,818750724301772;50,3719298245614;16,1;0;37586,83;928
2018;26;Sant Gervasi - Galvany;244;0;47807;17,81956617231786;51,83149727699997;14,8;0;38786,1;1787
2018;27;el Putxet i el Farró;155;0;29586;19,117150003379976;49,91613418530351;14,6;0;28765,11;1261
2018;28;Vallcarca i els Penitents;40;0;15984;19,613363363363366;39,95746865146293;13,575;0;25052,64;562
2018;29;el Coll;20;0;7460;21,233243967828418;30,71875;12,200000000000001;0;18414,6;223
2018;30;la Salut;37;0;13258;18,622718358726807;40,722009068712936;12,8;0;23568,3;396
2018;31;la Vila de Gràcia;753;0;50397;25,765422544992756;45,15011547344111;14,6;0;21778,83;2686
2018;32;el Camp d'en Grassot i Gràcia Nova;227;0;34649;19,420473895350515;41,10644489269535;13,85;0;22968,0;1352
2018;33;el Baix Guinardó;106;0;25791;20,910395099065564;32,234673698088336;12,649999999999999;0;19596,47;813
2018;34;Can Baró;20;0;9071;19,347370741924816;27,706885660138976;12,125;0;17827,43;285
2018;35;el Guinardó;70;0;36885;21,962857530161312;30,094171385664676;12,075;0;18899,4;1076
2018;36;la Font d'en Fargues;4;0;9446;10,311242854118145;31,557989049278245;12,05;0;23197,86;138
2018;37;el Carmel;33;0;31832;21,27418949484795;13,361534534315513;11,35;0;13314,73;772
2018;38;la Teixonera;9;0;11649;20,954588376684693;17,79183552436493;12,075;0;14850,12;295
2018;39;Sant Genís dels Agudells;4;0;7010;22,25392296718973;19,9311588264219;9,675;0;16191,6;215
2018;40;Montbau;0;0;5099;18,023141792508333;24,871393424289867;11,0;0;17563,5;154
2018;41;la Vall d'Hebron;1;0;5734;14,475061039414022;30,098255464206936;12,3;0;20614,0;100
2018;42;la Clota;0;0;651;17,665130568356375;29,326047358834245;0,0;0;17505,0;14
2018;43;Horta;6;0;26863;15,86941145813945;23,36046161133359;11,825;0;18508,86;651
2018;44;Vilapicina i la Torre Llobeta;9;0;25673;20,823433178826004;22,45135316484008;11,55;0;17254,21;598
2018;45;Porta;2;0;25562;24,133479383459825;17,442649653861817;11,425;0;15194,11;663
2018;46;el Turó de la Peira;0;0;15571;32,547684798664186;14,758423155197105;11,3;0;12692,7;380
2018;47;Can Peguera;0;0;2266;14,474845542806708;9,207818930041151;0,0;0;11221,0;7
2018;48;la Guineueta;1;0;15290;13,446697187704382;18,120653159963712;10,05;0;17104,82;343
2018;49;Canyelles;1;0;6878;7,778423960453621;12,129736885652822;9,475;0;16067,4;34
2018;50;les Roquetes;2;0;15763;28,325826302099856;9,16710715094767;11,225;0;11185,9;270
2018;51;Verdun;3;0;12443;27,11564735192478;11,661998132586367;11,65;0;12233,88;292
2018;52;la Prosperitat;3;0;26559;22,12056176813886;12,120288972060232;11,75;0;13726,35;562
2018;53;la Trinitat Nova;0;0;7365;28,43177189409369;8,283833681168726;11,95;0;10314,4;125
2018;54;Torre Baró;0;0;2892;25,553250345781464;8,451308451308451;7,2;0;9676,0;21
2018;55;Ciutat Meridiana;0;0;10622;40,387874223310114;7,133903133903134;8,725;0;9143,67;142
2018;56;Vallbona;0;0;1400;19,5;9,042076991942704;0,0;0;10553,0;7
2018;57;la Trinitat Vella;4;0;10071;38,000198590010925;9,863245794505628;10,0;0;10749,0;174
2018;58;Baró de Viver;0;0;2535;18,185404339250493;6,535319557904853;7,6;0;10248,5;20
2018;59;el Bon Pastor;1;0;12740;20,32967032967033;13,3989767352061;10,825;0;13764,0;185
2018;60;Sant Andreu;29;0;57653;12,620331986193259;25,087623331104762;0,0;0;19263,49;1268
2018;61;la Sagrera;22;0;29280;21,00068306010929;24,06398243619399;11,875;0;17758,75;708
2018;62;el Congrés i els Indians;6;0;14194;20,374806256164575;25,300324675324674;11,925;0;17627,44;367
2018;63;Navas;17;0;22153;22,10535819076423;26,309542240800948;12,025;0;18283,85;563
2018;64;el Camp de l'Arpa del Clot;267;0;38316;24,574590249504126;30,702686743430764;13,025;0;18997,68;1398
2018;65;el Clot;51;0;27042;20,73441313512314;27,41756364257646;12,55;0;18642,12;720
2018;66;el Parc i la Llacuna del Poblenou;103;0;15417;27,858857105792307;35,04900127178873;14,0;0;20137,33;409
2018;67;la Vila Olímpica del Poblenou;111;0;9308;21,723248818220885;53,16406753447609;16,85;0;30514,4;224
2018;68;el Poblenou;394;0;33981;22,336011300432595;33,73254907518957;14,475;0;19976,4;1072
2018;69;Diagonal Mar i el Front Marítim del Poblenou;129;0;13642;23,09045594487612;40,434342504831136;15,925;0;23289,43;413
2018;70;el Besòs i el Maresme;32;0;23718;33,62425162323973;11,696491052684195;10,95;0;11849,31;418
2018;71;Provençals del Poblenou;39;0;20628;19,7934845840605;24,686359489051096;13,675;0;17352,75;446
2018;72;Sant Martí de Provençals;15;0;26090;18,05672671521656;19,505325235454627;11,525;0;16555,61;486
2018;73;la Verneda i la Pau;9;0;28800;17,729166666666664;13,899968091895342;11,15;0;14893,0;383
2019;1;el Raval;201;0;48194;60,283437772336804;26,69233160373975;14,325;2410;11778,52;1929
2019;2;el Barri Gòtic;195;0;19165;61,97234542134099;36,39768471229146;14,275;1875;16390,33;890
2019;3;la Barceloneta;62;0;15168;44,8707805907173;30,061701822356145;17,4;578;15094,27;385
2019;4;Sant Pere, Santa Caterina i la Ribera;0;0;23160;51,76165803108809;41,79240312305408;15,175;1701;17332,08;1340
2019;5;el Fort Pienc;333;0;32728;30,15766316304082;39,834601619236246;14,0;1202;21988,95;1144
2019;6;la Sagrada Família;768;0;51900;28,905587668593448;38,90777592516403;14,475;2114;21533,09;1977
2019;7;la Dreta de l'Eixample;1673;0;44155;29,224323406182766;52,14039988619022;14,4;3853;30201,66;2077
2019;8;l'Antiga Esquerra de l'Eixample;710;0;43021;30,371214058250622;48,92711753118844;14,475;2730;27051,15;2111
2019;9;la Nova Esquerra de l'Eixample;424;0;58646;26,75033250349555;44,113349738541984;14,5;2163;24607,68;2236
2019;10;Sant Antoni;587;0;38605;30,032379225488924;37,67955479152705;13,875;1943;21295,62;1449
2019;11;el Poble-sec;518;0;40432;41,69469726948951;28,438792448583406;0,0;1194;15334,67;1301
2019;12;la Marina del Prat Vermell;3;0;1199;15,17931609674729;6,859903381642512;0,0;197;11988,0;63
2019;13;la Marina de Port;7;0;31074;23,575979918903265;16,225550925404512;10,825;527;15332,53;411
2019;14;la Font de la Guatlla;73;0;10369;28,27659369273797;31,765213638325424;12,825;197;19289,29;320
2019;15;Hostafrancs;177;0;16151;31,12500773945886;32,55224825839139;13,85;813;18579,0;522
2019;16;la Bordeta;44;0;19441;21,243763180906335;25,44556202576319;12,775;446;18703,92;395
2019;17;Sants - Badal;106;0;24468;26,606179499754784;27,24915497522804;13,8;721;17918,25;756
2019;18;Sants;245;0;42308;26,463080268507138;33,42749529190207;13,85;1680;20532,0;1448
2019;19;les Corts;209;0;46583;17,6094283322242;44,461713045194394;15,025;2002;28655,43;1394
2019;20;la Maternitat i Sant Ramon;46;0;23989;17,941556546750594;39,91572495690481;14,4;715;25425,2;651
2019;21;Pedralbes;11;0;11995;23,009587328053353;52,8648974668275;15,675;261;41666,71;255
2019;22;Vallvidrera, el Tibidabo i les Planes;0;0;4727;19,568436640575417;42,70397489539749;13,774999999999999;73;30409,67;77
2019;23;Sarrià;27;0;25120;18,164808917197455;51,349491175458425;16,825;996;37919,81;788
2019;24;les Tres Torres;35;0;16693;14,341340681722878;53,6910281887098;17,025;468;44188,91;408
2019;25;Sant Gervasi - la Bonanova;32;0;26106;17,08036466712633;51,30209537906472;16,025;1097;38214,78;960
2019;26;Sant Gervasi - Galvany;244;0;47981;18,682395114732916;52,61880587404968;15,25;2730;39419,32;1774
2019;27;el Putxet i el Farró;155;0;29779;20,2256623795292;51,00756166119007;15,025;1016;29500,84;1338
2019;28;Vallcarca i els Penitents;40;0;16109;20,57855856974362;41,254269311823265;14,025;365;25468,09;558
2019;29;el Coll;20;0;7518;22,758712423516894;31,56433199629744;12,675;87;19587,0;214
2019;30;la Salut;37;0;13430;20,067014147431124;41,652992486397785;13,125;362;24441,0;388
2019;31;la Vila de Gràcia;752;0;50778;27,1712158808933;46,52876041596478;15,1;3277;22723,19;2682
2019;32;el Camp d'en Grassot i Gràcia Nova;227;0;35194;21,304767858157643;41,93150462587242;14,725;1369;24012,12;1256
2019;33;el Baix Guinardó;106;0;25987;22,041790125832147;33,2549122119113;13,45;649;20589,05;777
2019;34;Can Baró;20;0;9245;21,28718226068145;28,787315743837482;13,4;138;18668,57;265
2019;35;el Guinardó;70;0;37207;23,37463380546671;31,018375301614796;12,925;1044;19672,4;1085
2019;36;la Font d'en Fargues;4;0;9506;10,635388175888913;32,6644370122631;12,875;119;24175,57;147
2019;37;el Carmel;33;0;32174;23,139802324858582;14,14421553090333;12,125;690;13893,77;716
2019;38;la Teixonera;9;0;11788;22,989480827960637;18,156996587030715;12,55;192;15303,12;289
2019;39;Sant Genís dels Agudells;4;0;7244;25,179458862506905;20,46068308181096;10,7;96;16368,6;175
2019;40;Montbau;0;0;5126;19,566913772922355;25,9094942324756;11,899999999999999;97;18287,75;177
2019;41;la Vall d'Hebron;1;0;5801;14,859506981554905;30,42103182447124;13,275;106;21226,5;108
2019;42;la Clota;0;0;680;18,235294117647058;31,261101243339258;0,0;13;17457,0;11
2019;43;Horta;6;0;27478;18,374699759807847;24,02255797314928;12,425;840;19099,14;629
2019;44;Vilapicina i la Torre Llobeta;9;0;25892;22,269426849992275;23,18795660836839;12,15;865;17959,53;584
2019;45;Porta;10;0;26551;27,392565251779594;17,87077189939289;12,299999999999999;769;15702,67;539
2019;46;el Turó de la Peira;0;0;15780;33,92268694550064;15,825091098386256;11,7;421;13154,6;400
2019;47;Can Peguera;0;0;2289;15,771079073831368;9,825102880658436;0,0;21;11609,0;7
2019;48;la Guineueta;1;0;15391;14,683906178935741;18,518241066746572;10,525;310;17648,73;270
2019;49;Canyelles;1;0;6883;9,138457068138893;12,766661154291384;9,475;106;16819,2;51
2019;50;les Roquetes;2;0;16228;30,576780872565934;9,37775168770179;11,275;307;11673,6;258
2019;51;Verdun;3;0;12576;28,951972010178118;12,41449436124977;12,125;413;12623,12;287
2019;52;la Prosperitat;3;0;26849;23,378896793176654;12,73978494623656;12,05;800;14375,65;555
2019;53;la Trinitat Nova;0;0;7620;30,89238845144357;9,025832555244321;12,125;86;10941,4;116
2019;54;Torre Baró;0;0;2928;26,19535519125683;8,217446270543615;0,0;26;10289,0;15
2019;55;Ciutat Meridiana;0;0;10864;41,80780559646539;7,756883814640698;9,65;125;9556,33;126
2019;56;Vallbona;0;0;1407;21,748400852878465;9,22671353251318;0,0;23;10844,0;11
2019;57;la Trinitat Vella;4;0;10337;39,47953951823546;10,171091445427729;10,075000000000001;172;11180,4;158
2019;58;Baró de Viver;0;0;2604;19,969278033794165;6,7347886669763115;0,0;33;10581,5;9
2019;59;el Bon Pastor;1;0;13125;23,314285714285717;13,784741652676741;10,5;696;14390,14;158
2019;60;Sant Andreu;28;0;57950;13,216566005176878;25,98575681982779;0,0;1815;19974,41;1149
2019;61;la Sagrera;22;0;29475;22,286683630195082;25,177814917019703;12,675;686;18411,0;700
2019;62;el Congrés i els Indians;6;0;14555;22,122981793198214;26,62918679230343;12,075;491;18420,56;328
2019;63;Navas;17;0;22271;23,380180503794172;27,035047326682015;12,425;556;18949,31;469
2019;64;el Camp de l'Arpa del Clot;266;0;38899;26,229466053111906;31,83799174850369;13,525;1266;19523,68;1302
2019;65;el Clot;50;0;27178;21,885348443594083;28,484771358276067;13,225000000000001;849;19270,47;648
2019;66;el Parc i la Llacuna del Poblenou;101;0;15704;28,97350993377483;36,01992966002345;14,975;721;20808,22;435
2019;67;la Vila Olímpica del Poblenou;108;0;9345;23,242375601926163;53,9147040101846;17,525;382;31853,2;264
2019;68;el Poblenou;389;0;34162;23,90667993677185;35,275966056525704;15,1;1495;21094,05;1060
2019;69;Diagonal Mar i el Front Marítim del Poblenou;128;0;13623;23,717242898040077;41,54283617684828;17,35;456;24135,29;321
2019;70;el Besòs i el Maresme;32;0;24845;37,07788287381767;12,418175737015623;11,35;461;12460,08;425
2019;71;Provençals del Poblenou;34;0;21113;21,394401553545208;26,12073784237004;14,1;493;18016,58;418
2019;72;Sant Martí de Provençals;15;0;26160;19,30045871559633;20,302725403560963;11,925;673;17247,83;467
2019;73;la Verneda i la Pau;9;0;28874;18,999792200595692;14,50202686590891;11,475;895;15612,14;383
2020;1;el Raval;191;0;48155;60,957325303706774;27,177850819318156;14,075;0;11164,52;1467
2020;2;el Barri Gòtic;0;0;21693;67,18757202784307;32,76805251641138;13,575;0;15734,44;730
2020;3;la Barceloneta;64;4;15102;46,755396636207124;30,61959654178674;17,325;0;14743,64;274
2020;4;Sant Pere, Santa Caterina i la Ribera;0;0;23227;53,34309209110087;42,1283703173467;14,65;0;16887,69;991
2020;5;el Fort Pienc;332;0;33461;32,79638982696274;40,36021979512923;13,85;0;21845,4;914
2020;6;la Sagrada Família;0;0;52231;30,52593287511248;39,55153287182354;14,299999999999999;0;21488,85;1510
2020;7;la Dreta de l'Eixample;1665;0;44262;30,662871085807236;52,86570157620015;14,175;0;29086,83;1628
2020;8;l'Antiga Esquerra de l'Eixample;712;0;43118;31,968087573635138;49,78630251224851;14,3;0;26953,54;1599
2020;9;la Nova Esquerra de l'Eixample;418;0;58626;27,828949612799782;45,005755947812744;14,425;0;24660,02;1740
2020;10;Sant Antoni;585;0;38937;31,766700053933278;38,93695564399838;13,95;0;21127,21;1078
2020;11;el Poble-sec;516;0;40181;42,93571588561758;29,571182565000143;0,0;0;15251,83;1062
2020;12;la Marina del Prat Vermell;3;0;1227;18,09290953545232;7,778819119025304;0,0;0;12952,0;5
2020;13;la Marina de Port;7;0;31331;24,783760492802656;16,76680017801513;10,95;0;15353,71;317
2020;14;la Font de la Guatlla;73;0;10372;29,126494408021596;31,87238156622623;13,1;0;19514,14;239
2020;15;Hostafrancs;177;0;16196;32,384539392442576;33,61344537815126;13,9;0;18376,0;443
2020;16;la Bordeta;44;0;19564;22,025148231445513;26,605075429774296;12,9;0;18781,08;324
2020;17;Sants - Badal;107;0;24931;28,570855561349322;28,180208002179935;13,925;0;18008,38;627
2020;18;Sants;245;0;43758;29,5351707116413;33,576661297864604;13,775;0;20653,9;1197
2020;19;les Corts;208;0;46708;18,75481716194228;45,09436751589218;14,9;0;28510,09;1111
2020;20;la Maternitat i Sant Ramon;44;0;23964;19,074445000834586;40,45852677930407;13,95;0;24985,33;531
2020;21;Pedralbes;11;0;11932;23,6339255782769;52,6580243191639;15,725000000000001;0;40978,0;200
2020;22;Vallvidrera, el Tibidabo i les Planes;0;0;4709;19,60076449352304;43,18718823838278;12,174999999999999;0;28056,0;67
2020;23;Sarrià;0;0;25227;18,84488841320807;51,89033611395678;17,125;0;36961,31;647
2020;24;les Tres Torres;35;0;16641;14,770746950303467;53,91528545119705;16,75;0;42970,73;356
2020;25;Sant Gervasi - la Bonanova;32;0;26242;18,26080329243198;51,75523349436393;15,225;0;37073,89;687
2020;26;Sant Gervasi - Galvany;244;0;47964;19,35409890751397;53,36079524432057;15,375;0;37860,94;1411
2020;27;el Putxet i el Farró;0;0;30331;21,85552734825756;51,75809265361504;15,2;0;28988,68;1001
2020;28;Vallcarca i els Penitents;40;0;16346;21,88914719197357;41,92926045016077;14,525;0;25370,82;444
2020;29;el Coll;20;0;7617;24,35341998162006;32,298136645962735;12,45;0;19100,4;162
2020;30;la Salut;37;0;13474;21,17411310672406;42,26333907056799;13,75;0;24503,2;271
2020;31;la Vila de Gràcia;0;0;50899;28,517259671113383;47,598819531389736;14,875;0;22788,72;2074
2020;32;el Camp d'en Grassot i Gràcia Nova;0;0;35472;22,64039242219215;42,87597248119334;14,125;0;23802,6;944
2020;33;el Baix Guinardó;0;0;26176;23,124235941320293;34,38324752303898;13,825;0;20405,37;620
2020;34;Can Baró;0;0;9330;22,690246516613076;29,817644159684576;12,925;0;19069,29;200
2020;35;el Guinardó;0;0;37574;24,697929419279287;32,0761648196902;13,25;0;19663,28;886
2020;36;la Font d'en Fargues;4;0;9544;12,028499580888516;33,69043221278168;13,0;0;24165,0;108
2020;37;el Carmel;33;0;32510;25,12150107659182;14,822071029102696;12,025;0;13771,59;571
2020;38;la Teixonera;9;0;11926;25,062887808150258;18,40207672339198;12,2;0;15391,5;235
2020;39;Sant Genís dels Agudells;0;0;7388;27,219815917704388;20,983810709838107;10,7;0;16557,8;108
2020;40;Montbau;0;0;5172;21,848414539829854;27,995594713656384;11,575;0;18389,25;93
2020;41;la Vall d'Hebron;1;0;5883;16,13122556518783;31,116297160637885;12,325;0;21821,0;76
2020;42;la Clota;0;0;709;20,87447108603667;29,43201376936317;0,0;0;18005,0;9
2020;43;Horta;7;0;28360;21,02256699576869;24,47398466808025;12,55;0;19564,33;429
2020;44;Vilapicina i la Torre Llobeta;9;0;26082;23,59098228663446;23,944217866070254;12,3;0;18013,53;448
2020;45;Porta;10;0;27807;31,172007048584888;18,121414716685237;12,075;0;15809,67;405
2020;46;el Turó de la Peira;0;0;16226;35,43079008997905;16,5758698336602;11,7;0;13196,9;300
2020;47;Can Peguera;0;0;2274;16,886543535620053;9,948453608247423;0,0;0;11544,5;6
2020;48;la Guineueta;1;0;15413;15,84376824758321;19,04193403969557;10,575;0;17902,0;256
2020;49;Canyelles;1;0;6864;10,183566433566433;13,196046128500823;9,933333333333332;0;16981,6;54
2020;50;les Roquetes;2;0;16392;32,04612005856515;9,770448932151679;11,65;0;11694,7;221
2020;51;Verdun;3;0;12796;30,89246639574867;12,924365158824063;11,9;0;12653,75;217
2020;52;la Prosperitat;3;0;27017;24,67335381426509;13,180674598098163;12,45;0;14417,2;440
2020;53;la Trinitat Nova;0;0;7669;32,246707523797106;9,627472022075732;11,825;0;11043,6;82
2020;54;Torre Baró;0;0;2922;27,481177275838466;8,926315789473684;6,2;0;10257,5;16
2020;55;Ciutat Meridiana;0;0;11091;42,88161572446128;7,398831183151394;9,125;0;9485,17;92
2020;56;Vallbona;0;0;1421;23,78606615059817;9,54861111111111;0,0;0;10737,0;9
2020;57;la Trinitat Vella;4;0;10487;40,12587012491656;10,422009792492421;10,925;0;11119,2;134
2020;58;Baró de Viver;0;0;2625;20,685714285714283;7,077205882352941;7,9;0;10774,0;13
2020;59;el Bon Pastor;1;0;13651;26,723316973115523;14,302242791028835;11,875;0;14308,57;174
2020;60;Sant Andreu;28;0;58496;14,26593271334792;26,783013611398555;0,0;0;20131,9;923
2020;61;la Sagrera;22;0;29598;23,582674505034124;26,011089999612235;12,375;0;18786,15;491
2020;62;el Congrés i els Indians;0;0;14725;23,463497453310698;27,732603596559812;12,4;0;18282,22;264
2020;63;Navas;16;0;22449;24,46879593745824;28,049275068437595;12,725;0;19241,54;454
2020;64;el Camp de l'Arpa del Clot;266;0;39120;27,735173824130882;32,81313218889081;13,6;0;19847,36;1067
2020;65;el Clot;50;0;27077;23,24482032721498;29,406772468811;13,375;0;19432,06;559
2020;66;el Parc i la Llacuna del Poblenou;98;0;15930;29,73006905210295;37,12967634974411;14,475;0;21202,33;305
2020;67;la Vila Olímpica del Poblenou;0;0;9382;24,237902366233214;54,15144261055814;18,1;0;31135,2;204
2020;68;el Poblenou;388;0;34427;25,294100560606502;36,22131972647436;14,899999999999999;0;21196,3;849
2020;69;Diagonal Mar i el Front Marítim del Poblenou;0;0;13524;24,415853297840876;41,81483187471212;16,7;0;24119,0;320
2020;70;el Besòs i el Maresme;0;0;25701;40,05291622894051;12,916724145859199;11,775;0;12555,0;315
2020;71;Provençals del Poblenou;0;0;21316;22,452617751923437;26,931372006857266;14,175;0;18232,83;354
2020;72;Sant Martí de Provençals;0;0;26158;20,043581313556082;21,00266853318168;11,8;0;17243,06;424
2020;73;la Verneda i la Pau;9;0;28869;20,173888946620945;15,12038395938281;11,5;0;15724,0;330
2021;1;el Raval;189;1183;48659;61,93098912842434;27,195917882995136;12,925;0;12133,38;2003
2021;2;el Barri Gòtic;193;1105;22833;69,44772916392941;31,621112158341187;12,575;0;16996,56;1050
2021;3;la Barceloneta;64;209;15114;48,38560275241498;31,703639888003448;16,025;0;15986,55;362
2021;4;Sant Pere, Santa Caterina i la Ribera;0;0;22991;54,6605193336523;42,69722302296531;13,575;0;18077,54;1356
2021;5;el Fort Pienc;331;2120;33429;34,40425977444734;40,71961386573059;13,025;0;23084,85;1398
2021;6;la Sagrada Família;757;4190;52146;32,115598511870516;40,323031593436134;13,575;0;22463,65;2225
2021;7;la Dreta de l'Eixample;1655;12352;44058;32,84307049797994;53,930417341664736;13,15;0;30293,86;2313
2021;8;l'Antiga Esquerra de l'Eixample;693;4655;43028;33,28065445756252;50,23669562503251;13,65;0;28225,23;2407
2021;9;la Nova Esquerra de l'Eixample;411;2530;57886;28,694330235290057;45,616281551326075;13,425;0;25968,1;2631
2021;10;Sant Antoni;580;3506;38682;32,904193164779485;39,81916188488959;12,975;0;22436,0;1714
2021;11;el Poble-sec;508;2514;40196;44,21833018210767;30,34397342791195;0,0;0;16335,42;1502
2021;12;la Marina del Prat Vermell;3;10;1356;19,3952802359882;10,949529512403764;0,0;0;13866,0;7
2021;13;la Marina de Port;6;38;31077;25,39820445988995;17,076894433066467;10,7;0;16316,82;472
2021;14;la Font de la Guatlla;73;408;10234;30,144615985929256;32,37691555265732;12,725;0;20268,71;317
2021;15;Hostafrancs;175;902;16092;33,557046979865774;34,176325957147874;13,1;0;19508,3;634
2021;16;la Bordeta;44;230;19448;22,7889757301522;27,58134617643604;12,325;0;19750,62;480
2021;17;Sants - Badal;107;514;24895;29,419562161076524;28,78712083314384;13,15;0;19098,94;883
2021;18;Sants;245;1316;43674;30,76429912533773;34,16950740326316;13,125;0;21666,76;1583
2021;19;les Corts;202;1132;45921;19,239563598353694;45,3110933279984;14,025;0;29606,17;1611
2021;20;la Maternitat i Sant Ramon;44;293;23821;20,154485537970697;41,17420411308578;12,975;0;26054,6;727
2021;21;Pedralbes;11;93;11803;23,646530543082267;53,400222965440356;15,025;0;42244,71;231
2021;22;Vallvidrera, el Tibidabo i les Planes;0;0;4759;19,752048749737337;44,07656492498707;14,525;0;30638,67;70
2021;23;Sarrià;26;147;24756;19,340765874939407;52,354076934501705;15,9;0;38498,25;873
2021;24;les Tres Torres;35;190;16353;15,40390142481502;54,764569808223264;15,725;0;44280,36;399
2021;25;Sant Gervasi - la Bonanova;32;197;25981;19,03698856856934;52,25821378991208;15,15;0;38841,72;1019
2021;26;Sant Gervasi - Galvany;243;1784;47336;20,024928173060673;53,860691816079374;14,525;0;39536,32;1997
2021;27;el Putxet i el Farró;154;987;29977;22,19368182273076;51,94556333346368;14,25;0;30597,42;1464
2021;28;Vallcarca i els Penitents;40;285;16323;23,126876186975434;42,369134217657965;13,725;0;26825,27;619
2021;29;el Coll;20;111;7688;25,377211238293444;33,01702063563789;12,7;0;20089,2;231
2021;30;la Salut;36;137;13451;21,8942829529403;43,05090565713795;12,6;0;25689,7;422
2021;31;la Vila de Gràcia;734;3996;50427;29,640866995855397;48,28744729306185;14,15;0;24005,39;2978
2021;32;el Camp d'en Grassot i Gràcia Nova;221;1284;35341;23,912735915791856;43,43375820780224;13,725;0;24968,52;1445
2021;33;el Baix Guinardó;83;475;25837;24,302357084800867;35,1756810106593;12,625;0;21352,58;865
2021;34;Can Baró;20;88;9319;23,564760167399935;30,457789810484865;12,525;0;19899,0;277
2021;35;el Guinardó;70;401;37314;25,470332850940665;32,50952907906062;12,625;0;20592,32;1184
2021;36;la Font d'en Fargues;4;51;9505;12,719621251972645;34,637146371463714;12,125;0;25398,43;147
2021;37;el Carmel;32;177;32722;26,80459629606992;15,223922802304621;11,75;0;14562,64;707
2021;38;la Teixonera;8;51;12043;26,20609482687038;19,090132016335833;12,125;0;16193,88;302
2021;39;Sant Genís dels Agudells;3;21;7384;28,37215601300108;21,562207670720298;10,3;0;17196,0;145
2021;40;Montbau;0;0;5114;23,054360578803283;28,737170905845606;11,2;0;19322,75;155
2021;41;la Vall d'Hebron;1;4;5928;17,24021592442645;31,905037637521716;12,65;0;22864,75;114
2021;42;la Clota;0;0;698;20,916905444126073;29,116117850953206;0,0;0;19570,0;7
2021;43;Horta;6;52;28052;21,709682019107372;24,938514510575505;11,95;0;20233,33;637
2021;44;Vilapicina i la Torre Llobeta;9;36;25874;24,368091520445233;24,407018781412575;11,55;0;18971,63;610
2021;45;Porta;10;34;27793;32,57295002338718;18,43483280418917;11,45;0;16506,56;550
2021;46;el Turó de la Peira;0;0;16183;36,79169498856825;16,83276351203899;11,275;0;13868,0;395
2021;47;Can Peguera;0;0;2212;16,817359855334537;9,978991596638656;0,0;0;12330,5;5
2021;48;la Guineueta;1;4;15259;16,744216527950716;19,383458646616543;9,7;0;18632,73;270
2021;49;Canyelles;1;7;6808;10,355464159811985;13,625789298770355;9,325;0;17804,2;39
2021;50;les Roquetes;2;6;16560;33,03743961352657;10,177787374937019;11,3;0;12304,9;259
2021;51;Verdun;3;25;12863;32,55850112726424;12,993480622962695;12,275;0;13329,75;234
2021;52;la Prosperitat;3;15;26862;25,813416722507633;13,490602389005439;11,825;0;15163,1;531
2021;53;la Trinitat Nova;0;0;7628;33,21971683272155;9,887744118099338;11,625;0;11707,4;131
2021;54;Torre Baró;0;0;2923;28,63496407800205;9,41816659690247;0,0;0;11125,0;14
2021;55;Ciutat Meridiana;0;0;11152;43,8845050215208;7,751343054489639;8,9;0;10054,0;115
2021;56;Vallbona;0;0;1401;25,481798715203425;9,70873786407767;0,0;0;11620,0;7
2021;57;la Trinitat Vella;4;16;10513;40,749548178445735;10,606762389995367;10,299999999999999;0;11945,0;167
2021;58;Baró de Viver;0;0;2653;22,84206558612891;7,340280924331672;7,949999999999999;0;11486,0;18
2021;59;el Bon Pastor;1;4;13729;28,370602374535654;14,45508035479055;10,85;0;15347,43;165
2021;60;Sant Andreu;27;187;58214;14,86927543202666;27,268732146780927;0,0;0;21132,28;1231
2021;61;la Sagrera;22;163;29558;24,281074497597942;26,60372226755255;11,925;0;19407,45;822
2021;62;el Congrés i els Indians;6;29;14548;24,017047016772064;28,22395956724315;11,7;0;19522,78;399
2021;63;Navas;16;97;22291;25,11776053115607;28,86561062851303;11,875;0;20144,31;571
2021;64;el Camp de l'Arpa del Clot;266;1374;38822;28,939776415434547;33,55796322653731;13,0;0;20768,36;1432
2021;65;el Clot;50;275;26752;24,005681818181817;30,273037542662117;12,875;0;20685,29;735
2021;66;el Parc i la Llacuna del Poblenou;98;512;15901;30,457203949437144;38,399826539462275;14,325;0;22291,89;439
2021;67;la Vila Olímpica del Poblenou;108;776;9389;25,359463201618915;54,67563192628564;16,725;0;32517,6;269
2021;68;el Poblenou;389;2146;34402;26,399627928608805;37,633814489950964;14,325;0;22685,75;1155
2021;69;Diagonal Mar i el Front Marítim del Poblenou;127;1106;13533;26,062218281238454;42,369789291252395;15,75;0;25008,29;433
2021;70;el Besòs i el Maresme;32;183;26112;41,64368872549019;13,03839056663216;11,375;0;13337,23;404
2021;71;Provençals del Poblenou;32;192;21179;23,372208319561828;27,418729578556793;13,475;0;19156,0;451
2021;72;Sant Martí de Provençals;14;82;26220;21,20518688024409;21,4173640167364;11,475;0;18040,67;507
2021;73;la Verneda i la Pau;9;49;28784;21,18538076709283;15,468582542769818;11,075;0;16520,1;379
2022;1;el Raval;0;0;46487;61,49246025770646;27,432042218460616;15,225;0;13281,71;1626
2022;2;el Barri Gòtic;0;0;22736;69,96393384940183;31,518597488746742;15,625;0;18691,33;882
2022;3;la Barceloneta;0;0;14337;48,07839854920834;31,63350230763411;18,775000000000002;0;17288,73;341
2022;4;Sant Pere, Santa Caterina i la Ribera;0;0;22400;54,62053571428571;44,2941089328922;16,05;0;19671,15;1109
2022;5;el Fort Pienc;0;0;33435;35,80978017048004;41,96094303349185;14,4;0;24776,1;1033
2022;6;la Sagrada Família;0;0;51386;33,16467520336278;41,22154020286448;15,3;0;23911,56;1748
2022;7;la Dreta de l'Eixample;0;0;44132;34,5780839300281;55,20577395577395;15,0;0;33088,48;1808
2022;8;l'Antiga Esquerra de l'Eixample;0;0;42344;33,969393538635934;51,48762506582412;15,15;0;30366,88;1946
2022;9;la Nova Esquerra de l'Eixample;0;0;57301;29,28744699045392;46,486740753807254;14,95;0;27315,98;2080
2022;10;Sant Antoni;0;0;38159;33,266070913808015;40,689857625128425;14,425;0;23981,58;1359
2022;11;el Poble-sec;0;0;39137;44,28545877302808;31,0126582278481;0,0;0;17724,54;1190
2022;12;la Marina del Prat Vermell;0;0;1517;21,09426499670402;12,88056206088993;0,0;0;15055,0;65
2022;13;la Marina de Port;0;0;30419;25,664880502317633;17,530106793910473;10,625;0;17187,88;435
2022;14;la Font de la Guatlla;0;0;10355;32,003862868179624;32,032085561497325;14,05;0;21621,14;272
2022;15;Hostafrancs;0;0;15856;34,006054490413725;34,56676136363636;14,225;0;20868,5;463
2022;16;la Bordeta;0;0;19223;22,623940071789004;28,350760456273765;13,350000000000001;0;20935,92;693
2022;17;Sants - Badal;0;0;24203;29,57071437425113;29,113038612199215;14,425;0;19940,62;693
2022;18;Sants;0;0;43025;31,04241719930273;34,814521452145215;14,175;0;22905,62;1389
2022;19;les Corts;0;0;45648;19,56931300385559;45,838161938832066;15,4;0;31399,77;1299
2022;20;la Maternitat i Sant Ramon;0;0;23682;21,100413816400643;41,14338360083402;14,775;0;27400,4;605
2022;21;Pedralbes;0;0;11728;23,405525238744886;54,19091373149566;15,225000000000001;0;45487,57;229
2022;22;Vallvidrera, el Tibidabo i les Planes;0;0;4805;20,228928199791884;44,53524004085802;13,5;0;34196,33;88
2022;23;Sarrià;0;0;24619;19,659612494414883;52,91324562271244;18,175;0;41448,5;677
2022;24;les Tres Torres;0;0;16107;15,788166635624263;55,82132347393043;17,875;0;48807,64;380
2022;25;Sant Gervasi - la Bonanova;0;0;25689;19,280625948849703;52,799254774103396;15,875;0;41904,56;877
2022;26;Sant Gervasi - Galvany;0;0;47175;20,93905670376259;54,76722810155512;15,825;0;43123,42;1828
2022;27;el Putxet i el Farró;0;0;29775;22,85138539042821;53,07625649913344;15,825;0;32611,58;1257
2022;28;Vallcarca i els Penitents;0;0;16080;23,550995024875622;43,35497835497836;14,65;0;29079,55;539
2022;29;el Coll;0;0;7611;25,581395348837212;33,89444949954504;12,95;0;21393,8;195
2022;30;la Salut;0;0;13333;21,660541513537837;44,13194444444444;13,55;0;27374,2;404
2022;31;la Vila de Gràcia;0;0;49829;30,77926508659616;49,155009666780394;16,0;0;25577,42;2430
2022;32;el Camp d'en Grassot i Gràcia Nova;0;0;35022;25,089943464108277;44,08135505392363;15,125;0;26526,16;1164
2022;33;el Baix Guinardó;0;0;25586;25,47877745642148;35,66788917856038;14,025;0;22768,58;684
2022;34;Can Baró;0;0;9270;23,991370010787485;31,095669437895516;13,65;0;20920,71;239
2022;35;el Guinardó;0;0;36985;26,021360010815197;33,33848914186723;13,399999999999999;0;21678,76;1048
2022;36;la Font d'en Fargues;0;0;9527;12,889681956544557;35,423043957389496;13,625;0;27127,57;118
2022;37;el Carmel;0;0;32117;27,013731045863558;15,670945994405795;12,65;0;15251,86;658
2022;38;la Teixonera;0;0;11913;26,567615210274493;19,978827831777497;13,225;0;16919,38;277
2022;39;Sant Genís dels Agudells;0;0;7261;28,563558738465776;21,697663328564616;10,75;0;17908,6;174
2022;40;Montbau;0;0;5014;23,17510969285999;29,01765504753282;11,95;0;20463,5;156
2022;41;la Vall d'Hebron;0;0;5869;17,123871187595842;31,8666408218647;13,65;0;23524,0;85
2022;42;la Clota;0;0;669;19,282511210762333;30,21978021978022;0,0;0;20317,0;5
2022;43;Horta;0;0;27862;21,645969420716387;25,103118297310672;12,45;0;21151,1;588
2022;44;Vilapicina i la Torre Llobeta;0;0;25665;24,624975647769336;25,173864894795127;12,725;0;19706,42;551
2022;45;Porta;0;0;27394;32,70424180477477;18,657527376076235;12,25;0;17410,89;531
2022;46;el Turó de la Peira;0;0;16021;37,3509768428937;17,084800469483568;11,975;0;14616,9;348
2022;47;Can Peguera;0;0;2181;16,6895919303072;10,638297872340425;0,0;0;13162,0;5
2022;48;la Guineueta;0;0;15049;16,778523489932887;19,98322019678133;10,8;0;19594,09;275
2022;49;Canyelles;0;0;6781;11,10455685002212;13,83155792276964;9,733333333333334;0;18776,8;40
2022;50;les Roquetes;0;0;16153;33,077446913885964;10,627164861080404;12,25;0;12736,0;272
2022;51;Verdun;0;0;12556;32,534246575342465;13,399205836180625;12,025;0;13909,62;272
2022;52;la Prosperitat;0;0;26338;25,74227352114815;13,713962198414773;12,55;0;15849,7;481
2022;53;la Trinitat Nova;0;0;7421;32,691011992992856;9,363707776904949;12,725;0;12403,6;124
2022;54;Torre Baró;0;0;2904;29,132231404958674;9,631490787269682;10,0;0;11548,0;12
2022;55;Ciutat Meridiana;0;0;10808;43,615840118430796;7,647793033019404;9,675;0;10498,17;104
2022;56;Vallbona;0;0;1420;25,56338028169014;9,982788296041308;0,0;0;12195,0;11
2022;57;la Trinitat Vella;0;0;10358;40,973160841861365;10,638048322777387;10,975;0;12477,4;150
2022;58;Baró de Viver;0;0;2603;23,08874375720323;7,762976573265962;0,0;0;12278,5;7
2022;59;el Bon Pastor;0;0;13552;28,593565525383706;14,673624624093401;11,5;0;15854,57;163
2022;60;Sant Andreu;0;0;57590;15,03906928286161;27,761404925312878;0,0;0;22135,67;1104
2022;61;la Sagrera;0;0;29432;25,271812992661047;27,20897615708275;12,95;0;20348,95;721
2022;62;el Congrés i els Indians;0;0;14316;23,33752444816988;29,256344362351427;12,45;0;20365,89;310
2022;63;Navas;0;0;21939;24,86439673640549;29,625019449198692;12,65;0;21233,38;472
2022;64;el Camp de l'Arpa del Clot;0;0;38196;29,24128180961357;34,415143371821756;14,15;0;22256,68;1186
2022;65;el Clot;0;0;26373;24,65021044249801;31,271566597653553;13,625;0;21853,0;583
2022;66;el Parc i la Llacuna del Poblenou;0;0;15955;31,319335631463492;39,26150295687293;15,950000000000001;0;24055,89;426
2022;67;la Vila Olímpica del Poblenou;0;0;9370;26,339381003201705;55,54454218808078;19,325;0;35483,0;208
2022;68;el Poblenou;0;0;34091;27,256460649438267;38,77353266888151;16,475;0;24350,95;966
2022;69;Diagonal Mar i el Front Marítim del Poblenou;0;0;13386;26,572538473031525;42,6828157726983;17,275;0;26915,0;292
2022;70;el Besòs i el Maresme;0;0;26342;42,51385619922557;13,479134121847803;12,1;0;14075,08;378
2022;71;Provençals del Poblenou;0;0;21085;23,926962295470712;28,63328522260464;14,55;0;20294,08;430
2022;72;Sant Martí de Provençals;0;0;25844;21,548521900634576;22,124752038792153;12,125;0;19018,06;558
2022;73;la Verneda i la Pau;0;0;28742;21,74518126783105;16,19992066640222;11,45;0;17259,57;576
2023;1;el Raval;214;1196;45643;61,935017417785865;28,1010408733181;15,950000000000001;0;14481,14;1207
2023;2;el Barri Gòtic;204;1097;24447;72,3606168446026;30,142440060161018;16,425;0;20692,56;614
2023;3;la Barceloneta;97;193;14271;49,73722934622661;33,09292438505922;19,2;0;18969,91;236
2023;4;Sant Pere, Santa Caterina i la Ribera;179;785;22032;55,53286129266522;44,82413568819733;17,45;0;21381,38;857
2023;5;el Fort Pienc;348;2128;34393;39,12424039775536;42,53301948476527;16,1;0;26502,3;770
2023;6;la Sagrada Família;751;4107;51694;35,06209618137501;42,46911983444351;16,7;0;25057,65;1338
2023;7;la Dreta de l'Eixample;1664;12111;44077;36,152641967466025;56,17552293765663;16,625;0;36104,31;1514
2023;8;l'Antiga Esquerra de l'Eixample;679;4476;42727;36,06384721604606;52,60725044146671;16,75;0;33026,12;1479
2023;9;la Nova Esquerra de l'Eixample;576;2696;57562;30,813731281053474;47,560524316849424;16,7;0;29092,75;1530
2023;10;Sant Antoni;568;3317;38255;34,55757417331068;42,1272860277981;15,9;0;25430,38;981
2023;11;el Poble-sec;522;2530;38770;45,295331441836474;31,89146791389478;0,0;0;19127,08;863
2023;12;la Marina del Prat Vermell;3;10;1678;24,553039332538738;17,923186344238974;0,0;0;17334,0;93
2023;13;la Marina de Port;6;38;30429;27,132012225179924;18,19623838658509;12,75;0;17976,06;302
2023;14;la Font de la Guatlla;131;640;10492;33,67327487609607;33,61715547146011;16,075;0;23188,57;238
2023;15;Hostafrancs;177;905;15965;35,18321327904791;35,31446318910143;15,8;0;21970,8;407
2023;16;la Bordeta;30;174;19722;25,19014298752662;29,955972656702585;20,775;0;21982,62;550
2023;17;Sants - Badal;97;458;24362;31,060668253837942;30,118756064876855;15,7;0;21143,5;503
2023;18;Sants;242;1299;44494;33,83377534049535;35,40185963571519;15,825;0;24380,0;1029
2023;19;les Corts;210;1146;45946;21,4991511774692;46,614082819559194;17,15;0;33334,4;1018
2023;20;la Maternitat i Sant Ramon;48;310;24051;23,27553947860796;42,26142361276211;15,775;0;28830,33;440
2023;21;Pedralbes;11;93;12128;25,700857519788915;54,75718533201189;17,5;0;49390,29;191
2023;22;Vallvidrera, el Tibidabo i les Planes;3;22;4831;20,927344235148002;44,46126671713348;14,149999999999999;0;36993,0;62
2023;23;Sarrià;31;154;24845;21,03843831756893;53,77086086233054;19,6;0;44879,31;584
2023;24;les Tres Torres;34;182;16272;17,330383480825958;56,20302150777703;19,4;0;51786,55;272
2023;25;Sant Gervasi - la Bonanova;68;473;26130;21,59969383849981;53,48497305197771;17,875;0;45245,0;627
2023;26;Sant Gervasi - Galvany;293;2247;47658;22,953124344286373;55,80365925634467;18,425;0;46628,84;1446
2023;27;el Putxet i el Farró;200;1234;30018;24,575254847091745;54,159533073929964;17,299999999999997;0;35192,79;886
2023;28;Vallcarca i els Penitents;39;248;16328;25,238853503184718;44,44051492431744;16,85;0;30811,36;413
2023;29;el Coll;20;109;7740;27,10594315245478;34,704830053667266;14,45;0;22542,8;159
2023;30;la Salut;37;138;13486;23,528103218152157;45,452984113353374;15,475;0;28647,0;284
2023;31;la Vila de Gràcia;764;4011;50022;32,3077845747871;50,10845496859325;17,5;0;27559,17;1781
2023;32;el Camp d'en Grassot i Gràcia Nova;224;1275;35306;27,346626635699316;44,70271827874364;16,700000000000003;0;28001,24;881
2023;33;el Baix Guinardó;83;451;25716;26,86265360087105;36,69096337929217;15,5;0;24133,79;538
2023;34;Can Baró;20;88;9421;26,12249230442628;31,68171833048572;15,075;0;22347,86;177
2023;35;el Guinardó;74;405;37569;27,927280470600763;34,42273750836833;14,975;0;22963,92;841
2023;36;la Font d'en Fargues;4;51;9709;13,853125965598927;36,04206500956023;15,5;0;28800,86;127
2023;37;el Carmel;32;177;32509;29,016580023993356;16,761061946902657;13,55;0;16180,68;556
2023;38;la Teixonera;6;36;12086;28,48750620552706;21,02428422942455;14,6;0;18343,75;242
2023;39;Sant Genís dels Agudells;4;21;7384;30,633802816901408;22,55146600124766;12,025;0;18851,0;113
2023;40;Montbau;0;0;5174;25,53150367220719;30,73716542343133;13,775;0;21330,75;120
2023;41;la Vall d'Hebron;1;4;5874;17,97752808988764;33,01232665639445;14,875;0;24862,25;61
2023;42;la Clota;0;0;699;20,457796852646638;30,286738351254485;0,0;0;22597,0;9
2023;43;Horta;6;52;29381;25,5641400905347;25,879779713314843;13,95;0;22494,0;494
2023;44;Vilapicina i la Torre Llobeta;17;44;25917;26,62731025967512;25,685457337135336;13,675;0;20744,68;425
2023;45;Porta;12;39;28976;36,17131419105466;19,23274668775954;13,524999999999999;0;18322,11;407
2023;46;el Turó de la Peira;1;1;16285;38,88854774332208;17,541834968263128;12,6;0;15482,2;275
2023;47;Can Peguera;0;0;2158;16,218721037998147;10,540395933654361;0,0;0;13882,5;2
2023;48;la Guineueta;1;4;15258;18,46899986892122;20,73801845046126;12,225;0;20485,64;196
2023;49;Canyelles;1;7;6780;12,404129793510323;14,330630481548901;10,75;0;19561,6;43
2023;50;les Roquetes;2;6;16521;35,92397554627444;11,580156508004883;13,775;0;13544,6;207
2023;51;Verdun;3;25;12772;34,95145631067961;13,86994088221919;14,75;0;14755,5;214
2023;52;la Prosperitat;3;15;26655;27,70587131870193;14,57538474728855;14,0;0;16701,8;398
2023;53;la Trinitat Nova;0;0;7624;34,798006295907655;10,344299923488906;13,4;0;13117,4;94
2023;54;Torre Baró;0;0;2935;30,391822827938668;10,432252701579385;6,2;0;12705,0;12
2023;55;Ciutat Meridiana;0;0;10857;45,02164502164502;7,880220646178094;10,4;0;11233,17;113
2023;56;Vallbona;0;0;1421;27,30471498944405;9,661016949152543;0,0;0;13200,0;5
2023;57;la Trinitat Vella;5;17;10286;41,959945557067854;11,263282172373081;12,575;0;13551,6;127
2023;58;Baró de Viver;0;0;2582;23,625096824167315;7,996280799628081;0,0;0;13058,0;10
2023;59;el Bon Pastor;2;4;14433;33,51347606180281;15,266233231832771;11,2;0;16841,57;181
2023;60;Sant Andreu;33;193;57883;16,250021595287045;28,612346272483276;0,0;0;23350,64;910
2023;61;la Sagrera;22;163;29897;27,380673646185237;28,40743858575036;14,6;0;21419,1;551
2023;62;el Congrés i els Indians;6;29;14620;25,458276333789332;30,367398316418846;14,2;0;21606,56;246
2023;63;Navas;22;103;22058;25,97696980687279;30,587447871080677;14,475;0;22253,69;386
2023;64;el Camp de l'Arpa del Clot;292;1407;38330;30,944429950430475;35,566118006044064;15,85;0;23512,0;894
2023;65;el Clot;54;273;26464;25,725513905683194;32,56888584631182;15,425;0;23276,76;474
2023;66;el Parc i la Llacuna del Poblenou;102;513;16404;33,60156059497684;40,8585503166784;17,3;0;25911,0;305
2023;67;la Vila Olímpica del Poblenou;106;746;9332;27,68966995285041;56,639364606602136;20,425;0;38460,8;166
2023;68;el Poblenou;434;2162;34136;28,770213264588705;40,00068617696504;17,825;0;26333,65;800
2023;69;Diagonal Mar i el Front Marítim del Poblenou;126;1097;13449;28,15079188043721;43,59342731435755;18,825;0;28994,57;615
2023;70;el Besòs i el Maresme;32;183;27885;46,15384615384615;14,642676554862632;12,6;0;15074,46;321
2023;71;Provençals del Poblenou;33;182;21270;26,09779031499765;29,754013038952504;16,325;0;21729,92;301
2023;72;Sant Martí de Provençals;14;82;26164;23,65081791774958;23,268252380745313;13,55;0;20086,56;402
2023;73;la Verneda i la Pau;9;49;29244;24,17589932977705;17,230637436236908;15,7;0;18288,24;658
2024;1;el Raval;0;0;46904;63,51057479106259;29,141195030565964;15,85;2423;0,0;1059
2024;2;el Barri Gòtic;0;0;27209;75,12220221250323;29,10840891987167;16,225;1811;0,0;449
2024;3;la Barceloneta;0;0;14522;51,83858972593307;34,37056936049549;19,95;613;0,0;205
2024;4;Sant Pere, Santa Caterina i la Ribera;0;0;22468;57,699839772120356;45,708416882672275;17,0;1777;0,0;657
2024;5;el Fort Pienc;0;0;36103;42,74990997978008;42,82044139041075;15,899999999999999;1158;0,0;620
2024;6;la Sagrada Família;0;0;52806;37,61504374502898;43,696365471983846;16,725;2093;0,0;1147
2024;7;la Dreta de l'Eixample;0;0;44857;38,20139554584569;56,943817972234754;16,725;3655;0,0;1188
2024;8;l'Antiga Esquerra de l'Eixample;0;0;43783;38,42130507274513;53,4407324043398;16,95;2637;0,0;1318
2024;9;la Nova Esquerra de l'Eixample;0;0;58271;32,553070995864154;48,43404533482014;16,7;2099;0,0;1312
2024;10;Sant Antoni;0;0;38678;36,55049382077667;43,00443522838546;16,1;1917;0,0;835
2024;11;el Poble-sec;0;0;39167;46,9553450608931;32,81209651966832;0,0;1192;0,0;779
2024;12;la Marina del Prat Vermell;0;0;1977;31,967627718765808;23,789086450030656;0,0;165;0,0;214
2024;13;la Marina de Port;0;0;30951;29,213918774837644;19,391649068207922;12,025;572;0,0;283
2024;14;la Font de la Guatlla;0;0;10692;35,57800224466891;34,706064037887366;15,525;220;0,0;164
2024;15;Hostafrancs;0;0;16189;37,03749459509543;36,35667014977359;15,600000000000001;799;0,0;339
2024;16;la Bordeta;0;0;20387;28,12086133320253;31,40709156193896;18,7;450;0,0;426
2024;17;Sants - Badal;0;0;24926;33,00168498756319;31,349493487698986;15,950000000000001;713;0,0;482
2024;18;Sants;0;0;47048;37,51487842203707;35,675208753239275;15,85;1702;0,0;927
2024;19;les Corts;0;0;46717;23,73440075347304;47,07997065297139;17,45;1983;0,0;867
2024;20;la Maternitat i Sant Ramon;0;0;24310;24,93212669683258;43,17862165963432;16,375;709;0,0;384
2024;21;Pedralbes;0;0;12492;27,937880243355746;55,2960399846213;19,275;265;0,0;171
2024;22;Vallvidrera, el Tibidabo i les Planes;0;0;4900;22,897959183673468;44,806316308906986;15,9;71;0,0;66
2024;23;Sarrià;0;0;25103;22,447516233119547;54,42232611943896;19,225;951;0,0;541
2024;24;les Tres Torres;0;0;16388;18,483036368074202;56,522058823529406;19,7;454;0,0;268
2024;25;Sant Gervasi - la Bonanova;0;0;26746;23,487624317654976;54,180378902428174;18,1;1100;0,0;580
2024;26;Sant Gervasi - Galvany;0;0;48376;24,971060029766825;56,55682257441052;18,65;2682;0,0;1245
2024;27;el Putxet i el Farró;0;0;30323;26,20453121393002;55,34494666564347;17,025;1027;0,0;799
2024;28;Vallcarca i els Penitents;0;0;16676;27,308707124010557;45,346904860822605;17,75;374;0,0;342
2024;29;el Coll;0;0;7943;29,78723404255319;35,831279895637046;14,625;94;0,0;154
2024;30;la Salut;0;0;13675;25,718464351005483;46,32352941176471;16,325;375;0,0;245
2024;31;la Vila de Gràcia;0;0;51040;34,46708463949844;51,19908305413507;17,8;3304;0,0;1562
2024;32;el Camp d'en Grassot i Gràcia Nova;0;0;36405;30,0151078148606;45,73276395593514;17,475;1382;0,0;783
2024;33;el Baix Guinardó;0;0;26276;29,102603135941546;37,99657534246575;15,7;696;0,0;431
2024;34;Can Baró;0;0;9525;27,055118110236222;32,91291291291291;15,675;144;0,0;162
2024;35;el Guinardó;0;0;38148;29,88098982908671;35,34967124925284;14,95;1100;0,0;635
2024;36;la Font d'en Fargues;0;0;9837;15,3807054996442;37,50295298842429;15,6;93;0,0;103
2024;37;el Carmel;0;0;33033;31,081040171949265;17,461861903603573;13,524999999999999;753;0,0;490
2024;38;la Teixonera;0;0;12432;30,91216216216216;21,86754723903871;14,525;190;0,0;186
2024;39;Sant Genís dels Agudells;0;0;7765;33,715389568576946;23,80599228715515;11,25;100;0,0;148
2024;40;Montbau;0;0;5286;28,16874763526296;31,370449678800856;13,65;106;0,0;115
2024;41;la Vall d'Hebron;0;0;5889;19,222278824927834;33,506243996157544;14,8;120;0,0;85
2024;42;la Clota;0;0;837;18,39904420549582;36,283185840707965;14,2;12;0,0;18
2024;43;Horta;0;0;31084;29,91249517436623;26,329709080223335;14,175;842;0,0;406
2024;44;Vilapicina i la Torre Llobeta;0;0;26289;28,239948267336146;26,736605793722745;13,8;932;0,0;369
2024;45;Porta;0;0;31327;40,80186420659495;19,264085019653514;13,425;787;0,0;370
2024;46;el Turó de la Peira;0;0;16813;41,11104502468328;18,540227478891914;13,100000000000001;401;0,0;255
2024;47;Can Peguera;0;0;2180;17,889908256880734;10,915867944621937;11,8;17;0,0;11
2024;48;la Guineueta;0;0;15363;19,690164681377333;21,617210682492583;11,975;320;0,0;206
2024;49;Canyelles;0;0;6787;13,658464711949314;14,991735537190081;10,45;119;0,0;34
2024;50;les Roquetes;0;0;16939;38,03648385382844;12,132867132867133;13,45;304;0,0;211
2024;51;Verdun;0;0;13193;37,13332828014856;14,833040421792617;13,075;429;0,0;174
2024;52;la Prosperitat;0;0;27276;29,920076257515767;15,354363651577273;13,9;812;0,0;331
2024;53;la Trinitat Nova;0;0;7726;36,22831995858141;10,689446628364076;14,200000000000001;86;0,0;89
2024;54;Torre Baró;0;0;3119;33,79288233408143;10,845732184808146;6,1000000000000005;25;0,0;52
2024;55;Ciutat Meridiana;0;0;11086;46,6804979253112;8,115240818121839;10,725;145;0,0;86
2024;56;Vallbona;0;0;1437;27,348643006263046;9,098567818028643;0,0;21;0,0;4
2024;57;la Trinitat Vella;0;0;10660;44,446529080675425;11,99954633095157;11,7;179;0,0;143
2024;58;Baró de Viver;0;0;2612;25,535987748851458;8,592321755027422;0,0;38;0,0;8
2024;59;el Bon Pastor;0;0;15796;38,895923018485696;15,881078658399941;10,85;826;0,0;180
2024;60;Sant Andreu;0;0;58628;17,761138022787744;29,543841665352467;0,0;1852;0,0;751
2024;61;la Sagrera;0;0;30385;29,280895178542043;29,526775997298003;14,4;697;0,0;526
2024;62;el Congrés i els Indians;0;0;14941;27,722374673716622;31,770753414147613;14,625;534;0,0;199
2024;63;Navas;0;0;22406;28,07730072302062;31,81519486427741;14,3;593;0,0;325
2024;64;el Camp de l'Arpa del Clot;0;0;39049;33,05334323542216;36,97018394696818;15,6;1301;0,0;777
2024;65;el Clot;0;0;26759;27,87847079487275;33,96830748482805;15,525;827;0,0;405
2024;66;el Parc i la Llacuna del Poblenou;0;0;17032;36,008689525598875;42,98002031832035;16,85;766;0,0;259
2024;67;la Vila Olímpica del Poblenou;0;0;9362;28,957487716299934;57,39215927245914;21,674999999999997;366;0,0;147
2024;68;el Poblenou;0;0;34550;31,03907380607815;41,320754716981135;17,975;1519;0,0;567
2024;69;Diagonal Mar i el Front Marítim del Poblenou;0;5;13489;29,48328267477204;44,442477876106196;19,75;453;0,0;243
2024;70;el Besòs i el Maresme;0;0;30477;50,65131082455623;15,836012861736334;13,6;471;0,0;211
2024;71;Provençals del Poblenou;0;0;21510;27,861459786145982;30,81900037741953;16,075;575;0,0;290
2024;72;Sant Martí de Provençals;0;0;26569;25,706650607851255;24,50051229508197;14,05;676;0,0;341
2024;73;la Verneda i la Pau;0;0;30333;27,53436850954406;18,93814587389546;14,5;881;0,0;365
